This is LuaHBTeX, Version 1.22.0 (TeX Live 2025)  (format=lualatex 2025.3.19)  29 MAR 2025 12:24
 system commands enabled.
**Thermod.tex
(./Thermod.tex
LaTeX2e <2024-11-01> patch level 2
L3 programming layer <2025-01-18>
Lua module: luaotfload 2024-12-03 v3.29 Lua based OpenType font support
Lua module: lualibs 2023-07-13 v2.76 ConTeXt Lua standard libraries.
Lua module: lualibs-extended 2023-07-13 v2.76 ConTeXt Lua libraries -- extended 
collection.
luaotfload | conf : Root cache directory is "d:/Programs/LaTeX/TeXLive/2025/texm
f-var/luatex-cache/generic/names".
luaotfload | init : Loading fontloader "fontloader-2023-12-28.lua" from kpse-res
olved path "d:/Programs/LaTeX/TeXLive/2025/texmf-dist/tex/luatex/luaotfload/font
loader-2023-12-28.lua".
Lua-only attribute luaotfload@noligature = 1
luaotfload | init : Context OpenType loader version 3.134
Inserting `luaotfload.node_processor' in `pre_linebreak_filter'.
Inserting `luaotfload.node_processor' in `hpack_filter'.
Inserting `luaotfload.glyph_stream' in `glyph_stream_provider'.
Inserting `luaotfload.define_font' in `define_font'.
Lua-only attribute luaotfload_color_attribute = 2
luaotfload | conf : Root cache directory is "d:/Programs/LaTeX/TeXLive/2025/texm
f-var/luatex-cache/generic/names".
Inserting `luaotfload.harf.strip_prefix' in `find_opentype_file'.
Inserting `luaotfload.harf.strip_prefix' in `find_truetype_file'.
Removing  `luaotfload.glyph_stream' from `glyph_stream_provider'.
Inserting `luaotfload.harf.glyphstream' in `glyph_stream_provider'.
Inserting `luaotfload.harf.finalize_vlist' in `post_linebreak_filter'.
Inserting `luaotfload.harf.finalize_hlist' in `hpack_filter'.
Inserting `luaotfload.cleanup_files' in `wrapup_run'.
Inserting `luaotfload.harf.finalize_unicode' in `finish_pdffile'.
Inserting `luaotfload.glyphinfo' in `glyph_info'.
Lua-only attribute luaotfload.letterspace_done = 3
Inserting `luaotfload.aux.set_sscale_dimens' in `luaotfload.patch_font'.
Inserting `luaotfload.aux.set_font_index' in `luaotfload.patch_font'.
Inserting `luaotfload.aux.patch_cambria_domh' in `luaotfload.patch_font'.
Inserting `luaotfload.aux.fixup_fontdata' in `luaotfload.patch_font_unsafe'.
Inserting `luaotfload.aux.set_capheight' in `luaotfload.patch_font'.
Inserting `luaotfload.aux.set_xheight' in `luaotfload.patch_font'.
Inserting `luaotfload.rewrite_fontname' in `luaotfload.patch_font'.
Inserting `tracingstacklevels' in `input_level_string'. (./ThermodBook.cls
Document Class: ThermodBook 2018/01/21
(d:/Programs/LaTeX/TeXLive/2025/texmf-dist/tex/latex/extsizes/extbook.cls
Document Class: extbook 1999/01/07 v1.4a NON-Standard LaTeX document class
(d:/Programs/LaTeX/TeXLive/2025/texmf-dist/tex/latex/extsizes/size14.clo
File: size14.clo 1999/11/11 v1.4a NON-Standard LaTeX file (size option)
luaotfload | db : Font names database loaded from d:/Programs/LaTeX/TeXLive/2025
/texmf-var/luatex-cache/generic/names/luaotfload-names.luc.gz)
(d:/Programs/LaTeX/TeXLive/2025/texmf-dist/tex/latex/base/exscale.sty
Package: exscale 2018/09/24 v2.1i Standard LaTeX package exscale
LaTeX Font Info:    Redeclaring symbol font `largesymbols' on input line 57.
LaTeX Font Info:    Overwriting symbol font `largesymbols' in version `normal'
(Font)                  OMX/cmex/m/n --> OMX/cmex/m/n on input line 57.
LaTeX Font Info:    Overwriting symbol font `largesymbols' in version `bold'
(Font)                  OMX/cmex/m/n --> OMX/cmex/m/n on input line 57.
\big@size=\dimen140
)
\c@part=\count194
\c@chapter=\count195
\c@section=\count196
\c@subsection=\count197
\c@subsubsection=\count198
\c@paragraph=\count199
\c@subparagraph=\count266
\c@figure=\count267
\c@table=\count268
\abovecaptionskip=\skip49
\belowcaptionskip=\skip50
\bibindent=\dimen141
)
(d:/Programs/LaTeX/TeXLive/2025/texmf-dist/tex/latex/xcolor/xcolor.sty
Package: xcolor 2024/09/29 v3.02 LaTeX color extensions (UK)

(d:/Programs/LaTeX/TeXLive/2025/texmf-dist/tex/latex/graphics-cfg/color.cfg
File: color.cfg 2016/01/02 v1.6 sample color configuration
)

Package xcolor Warning: Package option `usenames' is obsolete and ignored on in
put line 265.

Package xcolor Info: Driver file: luatex.def on input line 274.
(d:/Programs/LaTeX/TeXLive/2025/texmf-dist/tex/latex/graphics-def/luatex.def
File: luatex.def 2024/04/13 v1.2e Graphics/color driver for luatex
)
(d:/Programs/LaTeX/TeXLive/2025/texmf-dist/tex/latex/graphics/mathcolor.ltx)
Package xcolor Info: Model `cmy' substituted by `cmy0' on input line 1349.
Package xcolor Info: Model `hsb' substituted by `rgb' on input line 1353.
Package xcolor Info: Model `RGB' extended on input line 1365.
Package xcolor Info: Model `HTML' substituted by `rgb' on input line 1367.
Package xcolor Info: Model `Hsb' substituted by `hsb' on input line 1368.
Package xcolor Info: Model `tHsb' substituted by `hsb' on input line 1369.
Package xcolor Info: Model `HSB' substituted by `hsb' on input line 1370.
Package xcolor Info: Model `Gray' substituted by `gray' on input line 1371.
Package xcolor Info: Model `wave' substituted by `hsb' on input line 1372.
)
(d:/Programs/LaTeX/TeXLive/2025/texmf-dist/tex/latex/graphics/dvipsnam.def
File: dvipsnam.def 2016/06/17 v3.0m Driver-dependent file (DPC,SPQR)
)
(d:/Programs/LaTeX/TeXLive/2025/texmf-dist/tex/latex/xcolor/svgnam.def
File: svgnam.def 2024/09/29 v3.02 Predefined colors according to SVG 1.1 (UK)
)
(d:/Programs/LaTeX/TeXLive/2025/texmf-dist/tex/latex/colortbl/colortbl.sty
Package: colortbl 2024/07/06 v1.0i Color table columns (DPC)

(d:/Programs/LaTeX/TeXLive/2025/texmf-dist/tex/latex/tools/array.sty
Package: array 2024/10/17 v2.6g Tabular extension package (FMi)
\col@sep=\dimen142
\ar@mcellbox=\box52
\extrarowheight=\dimen143
\NC@list=\toks17
\extratabsurround=\skip51
\backup@length=\skip52
\ar@cellbox=\box53
)
\everycr=\toks18
\minrowclearance=\skip53
\rownum=\count269
)
\topspace=\skip54

(d:/Programs/LaTeX/TeXLive/2025/texmf-dist/tex/latex/geometry/geometry.sty
Package: geometry 2020/01/02 v5.9 Page Geometry

(d:/Programs/LaTeX/TeXLive/2025/texmf-dist/tex/latex/graphics/keyval.sty
Package: keyval 2022/05/29 v1.15 key=value parser (DPC)
\KV@toks@=\toks19
)
(d:/Programs/LaTeX/TeXLive/2025/texmf-dist/tex/generic/iftex/ifvtex.sty
Package: ifvtex 2019/10/25 v1.7 ifvtex legacy package. Use iftex instead.

(d:/Programs/LaTeX/TeXLive/2025/texmf-dist/tex/generic/iftex/iftex.sty
Package: iftex 2024/12/12 v1.0g TeX engine tests
))
\Gm@cnth=\count270
\Gm@cntv=\count271
\c@Gm@tempcnt=\count272
\Gm@bindingoffset=\dimen144
\Gm@wd@mp=\dimen145
\Gm@odd@mp=\dimen146
\Gm@even@mp=\dimen147
\Gm@layoutwidth=\dimen148
\Gm@layoutheight=\dimen149
\Gm@layouthoffset=\dimen150
\Gm@layoutvoffset=\dimen151
\Gm@dimlist=\toks20
)
(d:/Programs/LaTeX/TeXLive/2025/texmf-dist/tex/latex/fontspec/fontspec.sty
(d:/Programs/LaTeX/TeXLive/2025/texmf-dist/tex/latex/l3packages/xparse/xparse.s
ty (d:/Programs/LaTeX/TeXLive/2025/texmf-dist/tex/latex/l3kernel/expl3.sty
Package: expl3 2025-01-18 L3 programming layer (loader) 

(d:/Programs/LaTeX/TeXLive/2025/texmf-dist/tex/latex/l3backend/l3backend-luatex
.def
File: l3backend-luatex.def 2024-05-08 L3 backend support: PDF output (LuaTeX)
\l__color_backend_stack_int=\count273
Inserting `l3color' in `luaotfload.parse_color'.
\l__pdf_internal_box=\box54
))
Package: xparse 2024-08-16 L3 Experimental document command parser
)
Package: fontspec 2024/05/11 v2.9e Font selection for XeLaTeX and LuaLaTeX
Lua module: fontspec 2024/05/11 v2.9e Font selection for XeLaTeX and LuaLaTeX
(d:/Programs/LaTeX/TeXLive/2025/texmf-dist/tex/latex/fontspec/fontspec-luatex.s
ty
Package: fontspec-luatex 2024/05/11 v2.9e Font selection for XeLaTeX and LuaLaT
eX
\l__fontspec_script_int=\count274
\l__fontspec_language_int=\count275
\l__fontspec_strnum_int=\count276
\l__fontspec_tmp_int=\count277
\l__fontspec_tmpa_int=\count278
\l__fontspec_tmpb_int=\count279
\l__fontspec_tmpc_int=\count280
\l__fontspec_em_int=\count281
\l__fontspec_emdef_int=\count282
\l__fontspec_strong_int=\count283
\l__fontspec_strongdef_int=\count284
\l__fontspec_tmpa_dim=\dimen152
\l__fontspec_tmpb_dim=\dimen153
\l__fontspec_tmpc_dim=\dimen154
 (d:/Programs/LaTeX/TeXLive/2025/texmf-dist/tex/latex/base/fontenc.sty
Package: fontenc 2021/04/29 v2.0v Standard LaTeX package
)
(d:/Programs/LaTeX/TeXLive/2025/texmf-dist/tex/latex/fontspec/fontspec.cfg)))
luaotfload | cache : Lookup cache loaded from d:/Programs/LaTeX/TeXLive/2025/tex
mf-var/luatex-cache/generic/names/luaotfload-lookup-cache.luc.

Package fontspec Info: 
(fontspec)             Font family 'CMUSansSerif(0)' created for font 'CMU
(fontspec)             Sans Serif' with options [Ligatures=TeX].
(fontspec)              
(fontspec)              This font family consists of the following NFSS
(fontspec)             series/shapes:
(fontspec)              
(fontspec)             - 'normal' (m/n) with NFSS spec.: <->"name:CMU Sans
(fontspec)             Serif:mode=node;script=latn;language=dflt;+tlig;"
(fontspec)             - 'bold' (b/n) with NFSS spec.: <->"name:CMU Sans
(fontspec)             Serif/B:mode=node;script=latn;language=dflt;+tlig;"
(fontspec)             - 'italic' (m/it) with NFSS spec.: <->"name:CMU Sans
(fontspec)             Serif/I:mode=node;script=latn;language=dflt;+tlig;"
(fontspec)             - 'bold italic' (b/it) with NFSS spec.: <->"name:CMU
(fontspec)             Sans
(fontspec)             Serif/BI:mode=node;script=latn;language=dflt;+tlig;"


Package fontspec Info: 
(fontspec)             Font family 'stix(0)' created for font 'stix' with
(fontspec)             options [Ligatures=TeX].
(fontspec)              
(fontspec)              This font family consists of the following NFSS
(fontspec)             series/shapes:
(fontspec)              
(fontspec)             - 'normal' (m/n) with NFSS spec.:
(fontspec)             <->"name:stix:mode=node;script=latn;language=dflt;+tlig;
"
(fontspec)             - 'bold' (b/n) with NFSS spec.:
(fontspec)             <->"name:stix/B:mode=node;script=latn;language=dflt;+tli
g;"
(fontspec)             - 'italic' (m/it) with NFSS spec.:
(fontspec)             <->"name:stix/I:mode=node;script=latn;language=dflt;+tli
g;"
(fontspec)             - 'bold italic' (b/it) with NFSS spec.:
(fontspec)             <->"name:stix/BI:mode=node;script=latn;language=dflt;+tl
ig;"


Package fontspec Info: 
(fontspec)             Font family 'CMUTypewriterText(0)' created for font
(fontspec)             'CMU Typewriter Text' with options
(fontspec)             [WordSpace={1,0,0},HyphenChar=None,PunctuationSpace=Word
Space].
(fontspec)              
(fontspec)              This font family consists of the following NFSS
(fontspec)             series/shapes:
(fontspec)              
(fontspec)             - 'normal' (m/n) with NFSS spec.: <->"name:CMU
(fontspec)             Typewriter Text:mode=node;script=latn;language=dflt;"
(fontspec)             - 'bold' (b/n) with NFSS spec.: <->"name:CMU Typewriter
(fontspec)             Text/B:mode=node;script=latn;language=dflt;"
(fontspec)             - 'italic' (m/it) with NFSS spec.: <->"name:CMU
(fontspec)             Typewriter Text/I:mode=node;script=latn;language=dflt;"
(fontspec)             - 'bold italic' (b/it) with NFSS spec.: <->"name:CMU
(fontspec)             Typewriter
(fontspec)             Text/BI:mode=node;script=latn;language=dflt;"

luaotfload | db : Reload initiated (formats: otf,ttf,ttc); reason: Font "Annabel
le" not found.

Package fontspec Info: 
(fontspec)             Could not resolve font "Annabelle/BI" (it probably
(fontspec)             doesn't exist).


Package fontspec Info: 
(fontspec)             Could not resolve font "Annabelle/B" (it probably
(fontspec)             doesn't exist).


Package fontspec Info: 
(fontspec)             Could not resolve font "Annabelle/I" (it probably
(fontspec)             doesn't exist).


Package fontspec Info: 
(fontspec)             Font family 'Annabelle(0)' created for font 'Annabelle'
(fontspec)             with options [Ligatures={TeX}].
(fontspec)              
(fontspec)              This font family consists of the following NFSS
(fontspec)             series/shapes:
(fontspec)              
(fontspec)             - 'normal' (m/n) with NFSS spec.:
(fontspec)             <->"name:Annabelle:mode=node;language=dflt;+tlig;"


(d:/Programs/LaTeX/TeXLive/2025/texmf-dist/tex/latex/luacolor/luacolor.sty
Package: luacolor 2023-08-18 v1.18 Color support via LuaTeX's attributes (HO)
Inserting `luacolor.process' in `pre_shipout_filter'.
\LuaCol@Attribute=\attribute4
)
(d:/Programs/LaTeX/TeXLive/2025/texmf-dist/tex/generic/babel/babel.sty
Package: babel 2025/03/10 v25.5 The multilingual framework for pdfLaTeX, LuaLaT
eX and XeLaTeX

(d:/Programs/LaTeX/TeXLive/2025/texmf-dist/tex/generic/babel/luababel.def
\bbl@readstream=\read2
\l@dumylang=\language2
Package babel Info: Non-standard hyphenation setup on input line 118.
\l@nohyphenation=\language3
\l@afrikaans=\language4
\l@albanian=\language5
\l@armenian=\language6
\l@basque=\language7
\l@belarusian=\language8
\l@bulgarian=\language9
\l@churchslavonic=\language10
\l@coptic=\language11
\l@croatian=\language12
\l@czech=\language13
\l@danish=\language14
\l@dutch=\language15
\l@ukenglish=\language16
\l@usenglishmax=\language17
\l@esperanto=\language18
\l@estonian=\language19
\l@ethiopic=\language20
\l@finnish=\language21
\l@schoolfinnish=\language22
\l@french=\language23
\l@friulan=\language24
\l@georgian=\language25
\l@hebrew=\language26
\l@hungarian=\language27
\l@icelandic=\language28
\l@assamese=\language29
\l@bengali=\language30
\l@gujarati=\language31
\l@hindi=\language32
\l@kannada=\language33
\l@malayalam=\language34
\l@marathi=\language35
\l@oriya=\language36
\l@pali=\language37
\l@panjabi=\language38
\l@tamil=\language39
\l@telugu=\language40
\l@indonesian=\language41
\l@interlingua=\language42
\l@irish=\language43
\l@kurmanji=\language44
\l@classiclatin=\language45
\l@latin=\language46
\l@liturgicallatin=\language47
\l@latvian=\language48
\l@lithuanian=\language49
\l@macedonian=\language50
\l@mongolian=\language51
\l@mongolianlmc=\language52
\l@bokmal=\language53
\l@nynorsk=\language54
\l@occitan=\language55
\l@piedmontese=\language56
\l@portuguese=\language57
\l@romanian=\language58
\l@romansh=\language59
\l@russian=\language60
\l@sanskrit=\language61
\l@serbian=\language62
\l@serbianc=\language63
\l@slovak=\language64
\l@slovenian=\language65
\l@swedish=\language66
\l@thai=\language67
\l@turkish=\language68
\l@turkmen=\language69
\l@ukrainian=\language70
\l@uppersorbian=\language71
\l@vietnamese=\language72
\l@welsh=\language73
\babelcatcodetablenum=\catcodetable14
\bbl@pattcodes=\catcodetable15
)
\babel@savecnt=\count285
\U@D=\dimen155
\l@unhyphenated=\language74

(d:/Programs/LaTeX/TeXLive/2025/texmf-dist/tex/generic/babel/luababel.def
\bbl@attr@locale=\attribute5
)
(d:/Programs/LaTeX/TeXLive/2025/texmf-dist/tex/generic/babel-english/english.ld
f
Language: english 2017/06/06 v3.3r English support from the babel system
Package babel Info: Hyphen rules for 'canadian' set to \l@english
(babel)             (\language0). Reported on input line 102.
Package babel Info: Hyphen rules for 'australian' set to \l@ukenglish
(babel)             (\language16). Reported on input line 105.
Package babel Info: Hyphen rules for 'newzealand' set to \l@ukenglish
(babel)             (\language16). Reported on input line 108.
)
(d:/Programs/LaTeX/TeXLive/2025/texmf-dist/tex/generic/babel-russian/russianb.l
df
File: russianb.ldf 2021/01/10 1.3m Russian support for the Babel system
Language: russian 2020/09/09 1.3k Russian support for the Babel system
Package babel Info: Making " an active character on input line 124.
Package babel Info: Default for \cyrdash is provided on input line 163.

(d:/Programs/LaTeX/TeXLive/2025/texmf-dist/tex/generic/hyph-utf8/loadhyph/loadh
yph-ru.tex UTF-8 Russian hyphenation patterns
(d:/Programs/LaTeX/TeXLive/2025/texmf-dist/tex/generic/hyph-utf8/patterns/tex/h
yph-ru.tex)))
(d:/Programs/LaTeX/TeXLive/2025/texmf-dist/tex/generic/babel-ukrainian/ukraineb
.ldf
File: ukraineb.ldf 2020/10/14 1.4e Ukrainian support for the Babel system
LaTeX Info: Redefining \cyrillictext on input line 84.
LaTeX Info: Redefining \textcyrillic on input line 96.
Package babel Info: Default for \cyrdash is provided on input line 142.
Package ukrainian.ldf Info: Executing the 3.9 or latter on input line 148.
Package ukrainian.ldf Info: Executing the post 3.9 branch for dates on input li
ne 226.

(d:/Programs/LaTeX/TeXLive/2025/texmf-dist/tex/generic/hyph-utf8/loadhyph/loadh
yph-uk.tex UTF-8 Ukrainian hyphenation patterns
(d:/Programs/LaTeX/TeXLive/2025/texmf-dist/tex/generic/hyph-utf8/patterns/tex/h
yph-uk.tex)
(d:/Programs/LaTeX/TeXLive/2025/texmf-dist/tex/generic/hyph-utf8/patterns/quote
/hyph-quote-uk.tex))))
(d:/Programs/LaTeX/TeXLive/2025/texmf-dist/tex/generic/babel/locale/uk/babel-uk
rainian.tex
Package babel Info: Importing font and identification data for ukrainian
(babel)             from babel-uk.ini. Reported on input line 11.
)
(d:/Programs/LaTeX/TeXLive/2025/texmf-dist/tex/generic/babel/locale/ru/babel-ru
ssian.tex
Package babel Info: Importing font and identification data for russian
(babel)             from babel-ru.ini. Reported on input line 11.
)
(d:/Programs/LaTeX/TeXLive/2025/texmf-dist/tex/generic/babel/locale/en/babel-en
glish.tex
Package babel Info: Importing font and identification data for english
(babel)             from babel-en.ini. Reported on input line 11.
)
(d:/Programs/LaTeX/TeXLive/2025/texmf-dist/tex/latex/microtype/microtype.sty
Package: microtype 2025/02/11 v3.2a Micro-typographical refinements (RS)

(d:/Programs/LaTeX/TeXLive/2025/texmf-dist/tex/latex/etoolbox/etoolbox.sty
Package: etoolbox 2025/02/11 v2.5l e-TeX tools for LaTeX (JAW)
\etb@tempcnta=\count286
)
\MT@toks=\toks21
\MT@tempbox=\box55
\MT@count=\count287
LaTeX Info: Redefining \noprotrusionifhmode on input line 1087.
LaTeX Info: Redefining \leftprotrusion on input line 1088.
\MT@prot@toks=\toks22
LaTeX Info: Redefining \rightprotrusion on input line 1107.
LaTeX Info: Redefining \textls on input line 1449.
\MT@outer@kern=\dimen156
LaTeX Info: Redefining \microtypecontext on input line 2053.
LaTeX Info: Redefining \textmicrotypecontext on input line 2070.
\MT@listname@count=\count288

(d:/Programs/LaTeX/TeXLive/2025/texmf-dist/tex/latex/microtype/microtype-luatex
.def
File: microtype-luatex.def 2025/02/11 v3.2a Definitions specific to luatex (RS)

Lua module: microtype 2025/02/11 v3.2a microtype module.
Module microtype Info: overwriting function `keepligature' on input line 63
LaTeX Info: Redefining \lsstyle on input line 779.
LaTeX Info: Redefining \lslig on input line 779.
\MT@outer@space=\skip55
)
Package microtype Info: Loading configuration file microtype.cfg.

(d:/Programs/LaTeX/TeXLive/2025/texmf-dist/tex/latex/microtype/microtype.cfg
File: microtype.cfg 2025/02/11 v3.2a microtype main configuration file (RS)
)
LaTeX Info: Redefining \microtypesetup on input line 3065.
)
(d:/Programs/LaTeX/TeXLive/2025/texmf-dist/tex/latex/textcase/textcase.sty
Package: textcase 2025/02/16 v1.05 Text only upper/lower case changing (DPC)
Package textcase Info: Defining Legacy names on input line 20.
)
(d:/Programs/LaTeX/TeXLive/2025/texmf-dist/tex/latex/tools/indentfirst.sty
Package: indentfirst 2023/07/02 v1.03 Indent first paragraph (DPC)
)
(d:/Programs/LaTeX/TeXLive/2025/texmf-dist/tex/latex/caption/caption.sty
Package: caption 2023/08/05 v3.6o Customizing captions (AR)

(d:/Programs/LaTeX/TeXLive/2025/texmf-dist/tex/latex/caption/caption3.sty
Package: caption3 2023/07/31 v2.4d caption3 kernel (AR)
\caption@tempdima=\dimen157
\captionmargin=\dimen158
\caption@leftmargin=\dimen159
\caption@rightmargin=\dimen160
\caption@width=\dimen161
\caption@indent=\dimen162
\caption@parindent=\dimen163
\caption@hangindent=\dimen164
Package caption Info: Standard document class detected.
)
\c@caption@flags=\count289
\c@continuedfloat=\count290
)
(d:/Programs/LaTeX/TeXLive/2025/texmf-dist/tex/latex/caption/subcaption.sty
Package: subcaption 2023/07/28 v1.6b Sub-captions (AR)
Package caption Info: New subtype `subfigure' on input line 238.
\c@subfigure=\count291
Package caption Info: New subtype `subtable' on input line 238.
\c@subtable=\count292
)
Package caption Info: Option `declare type' requires the `newfloat' package on 
input line 154.

(d:/Programs/LaTeX/TeXLive/2025/texmf-dist/tex/latex/newfloat/newfloat.sty
Package: newfloat 2023/10/01 v1.2 Defining new floating environments (AR)
Package newfloat Info: Document class `book' detected (original).
)
Package newfloat Info: New float `scicaption' with options `' on input line 154
.
\c@scicaption=\count293
\newfloat@ftype=\count294
Package newfloat Info: float type `scicaption'=8 on input line 154.
Package caption Info: New subtype `subscicaption' on input line 154.
\c@subscicaption=\count295

(d:/Programs/LaTeX/TeXLive/2025/texmf-dist/tex/latex/wrapfig/wrapfig.sty
\wrapoverhang=\dimen165
\WF@size=\dimen166
\c@WF@wrappedlines=\count296
\WF@box=\box56
\WF@everypar=\toks23
Package: wrapfig 2003/01/31  v 3.6
)
(d:/Programs/LaTeX/TeXLive/2025/texmf-dist/tex/latex/wrapstuff/wrapstuff.sty
Package: wrapstuff 2022/08/05 v0.3 Wrapping text around stuff
\g__wstf_hang_ht_dim=\dimen167
\g__wstf_total_ht_dim=\dimen168
\g__wstf_stuff_ht_dim=\dimen169
\g__wstf_stuff_wd_dim=\dimen170
\g__wstf_first_dp_dim=\dimen171
\g__wstf_first_sep_dim=\dimen172
\g__wstf_prevdepth_dim=\dimen173
\g__wstf_column_ht_dim=\dimen174
\g__wstf_window_ht_dim=\dimen175
\g__wstf_remaining_dim=\dimen176
\g__wstf_column_room_dim=\dimen177
\g__wstf_parshape_indent_dim=\dimen178
\g__wstf_parshape_length_dim=\dimen179
\g__wstf_top_int=\count297
\g__wstf_column_int=\count298
\g__wstf_window_int=\count299
\g__wstf_stauts_box=\box57
\g__wstf_status_int=\count300
\c__wstf_none_node=\count301
\g__wstf_stuff_box=\box58
\l__wstf_shift_dim=\dimen180
\l__wstf_width_dim=\dimen181
\l__wstf_height_dim=\dimen182
\c@wrapstuff=\count302
\l__wstf_body_box=\box59
\l__wstf_window_box=\box60
\l__wstf_window_int=\count303
\g__wstf_line_int=\count304
\l__wstf_window_line_int=\count305
\l__wstf_l_dim=\dimen183
\l__wstf_r_dim=\dimen184
\l__wstf_min_dim=\dimen185
\l__wstf_line_dim=\dimen186
\l__wstf_window_dim=\dimen187
\l__wstf_display_dim=\dimen188
\l__wstf_voffset_dim=\dimen189
\l__wstf_leftsep_dim=\dimen190
\l__wstf_rightsep_dim=\dimen191
\l__wstf_main_width_dim=\dimen192
\g__wstf_parshape_int=\count306
\g__wstf_hangafter_int=\count307
\g__wstf_hangindent_dim=\dimen193
\g__wstf_left_skip=\skip56
\g__wstf_right_skip=\skip57
\g__wstf_parfill_skip=\skip58
\g__wstf_baseline_skip=\skip59
\g__wstf_main_left_skip=\skip60
\l__wstf_bottom_box=\box61
\g__wstf_eqbody_box=\box62
\g__wstf_eqnum_box=\box63
\g__wstf_equation_box=\box64
\g__wstf_pos_int=\count308
\g__wstf_pos_skip=\skip61
\l__wstf_save_body_box=\box65
\c__wstf_break_int=\count309
\g__wstf_ht_dim=\dimen194
\l__wstf_l_box=\box66
\l__wstf_r_box=\box67
\l__wstf_last_l_box=\box68
\l__wstf_last_r_box=\box69
\g__wstf_window_box=\box70
\l__wstf_window_ht_dim=\dimen195
\l__wstf_par_skip=\skip62
\g__wstf_pre_skip=\skip63
\c__wstf_ignore_depth_dim=\dimen196
\g__wstf_last_box=\box71
\g__wstf_display_box=\box72
\g__wstf_display_pre_dim=\dimen197
\l__wstf_add_box=\box73
\g__wstf_pos_box=\box74
\l__wstf_last_skip=\skip64
\g__wstf_last_skip=\skip65
\l__wstf_last_int=\count310
\l__wstf_last_box=\box75
\g__wstf_display_pre_int=\count311
\g__wstf_display_pre_skip=\skip66
\l__wstf_top_int=\count312
)
(d:/Programs/LaTeX/TeXLive/2025/texmf-dist/tex/latex/gensymb/gensymb.sty
Package: gensymb 2022/10/17 v1.0.2 (KJH)
)
(d:/Programs/LaTeX/TeXLive/2025/texmf-dist/tex/latex/amsmath/amsmath.sty
Package: amsmath 2024/11/05 v2.17t AMS math features
\@mathmargin=\skip67

For additional information on amsmath, use the `?' option.
(d:/Programs/LaTeX/TeXLive/2025/texmf-dist/tex/latex/amsmath/amstext.sty
Package: amstext 2021/08/26 v2.01 AMS text

(d:/Programs/LaTeX/TeXLive/2025/texmf-dist/tex/latex/amsmath/amsgen.sty
File: amsgen.sty 1999/11/30 v2.0 generic functions
\@emptytoks=\toks24
\ex@=\dimen198
))
(d:/Programs/LaTeX/TeXLive/2025/texmf-dist/tex/latex/amsmath/amsbsy.sty
Package: amsbsy 1999/11/29 v1.2d Bold Symbols
\pmbraise@=\dimen199
)
(d:/Programs/LaTeX/TeXLive/2025/texmf-dist/tex/latex/amsmath/amsopn.sty
Package: amsopn 2022/04/08 v2.04 operator names
)
\inf@bad=\count313
LaTeX Info: Redefining \frac on input line 235.
\uproot@=\count314
\leftroot@=\count315
LaTeX Info: Redefining \overline on input line 398.
LaTeX Info: Redefining \colon on input line 409.
\classnum@=\count316
\DOTSCASE@=\count317
LaTeX Info: Redefining \ldots on input line 495.
LaTeX Info: Redefining \dots on input line 498.
LaTeX Info: Redefining \cdots on input line 619.
\Mathstrutbox@=\box76
\strutbox@=\box77
LaTeX Info: Redefining \big on input line 721.
LaTeX Info: Redefining \Big on input line 722.
LaTeX Info: Redefining \bigg on input line 723.
LaTeX Info: Redefining \Bigg on input line 724.
\big@size=\dimen256
LaTeX Font Info:    Redeclaring font encoding OML on input line 742.
LaTeX Font Info:    Redeclaring font encoding OMS on input line 743.
\macc@depth=\count318
LaTeX Info: Redefining \bmod on input line 904.
LaTeX Info: Redefining \pmod on input line 909.
LaTeX Info: Redefining \smash on input line 939.
LaTeX Info: Redefining \relbar on input line 969.
LaTeX Info: Redefining \Relbar on input line 970.
\c@MaxMatrixCols=\count319
\dotsspace@=\muskip17
\c@parentequation=\count320
\dspbrk@lvl=\count321
\tag@help=\toks25
\row@=\count322
\column@=\count323
\maxfields@=\count324
\andhelp@=\toks26
\eqnshift@=\dimen257
\alignsep@=\dimen258
\tagshift@=\dimen259
\tagwidth@=\dimen260
\totwidth@=\dimen261
\lineht@=\dimen262
\@envbody=\toks27
\multlinegap=\skip68
\multlinetaggap=\skip69
\mathdisplay@stack=\toks28
LaTeX Info: Redefining \[ on input line 2953.
LaTeX Info: Redefining \] on input line 2954.
)
(d:/Programs/LaTeX/TeXLive/2025/texmf-dist/tex/latex/amsfonts/amssymb.sty
Package: amssymb 2013/01/14 v3.01 AMS font symbols

(d:/Programs/LaTeX/TeXLive/2025/texmf-dist/tex/latex/amsfonts/amsfonts.sty
Package: amsfonts 2013/01/14 v3.01 Basic AMSFonts support
\symAMSa=\mathgroup4
\symAMSb=\mathgroup5
LaTeX Font Info:    Redeclaring math symbol \hbar on input line 98.
LaTeX Font Info:    Overwriting math alphabet `\mathfrak' in version `bold'
(Font)                  U/euf/m/n --> U/euf/b/n on input line 106.
))
(d:/Programs/LaTeX/TeXLive/2025/texmf-dist/tex/lualatex/lualatex-math/lualatex-
math.sty
Package: lualatex-math 2022/01/01 v1.12 Patches for mathematics typesetting wit
h LuaLaTeX
Lua module: lualatex-math 2013/08/03 v1.3 Patches for mathematics typesetting wi
th LuaLaTeX)
(d:/Programs/LaTeX/TeXLive/2025/texmf-dist/tex/latex/unicode-math/unicode-math.
sty
Package: unicode-math 2023/08/13 v0.8r Unicode maths in XeLaTeX and LuaLaTeX

(d:/Programs/LaTeX/TeXLive/2025/texmf-dist/tex/latex/unicode-math/unicode-math-
luatex.sty
Package: unicode-math-luatex 2023/08/13 v0.8r Unicode maths in XeLaTeX and LuaL
aTeX

(d:/Programs/LaTeX/TeXLive/2025/texmf-dist/tex/latex/l3packages/l3keys2e/l3keys
2e.sty
Package: l3keys2e 2024-08-16 LaTeX2e option processing using LaTeX3 keys
) (d:/Programs/LaTeX/TeXLive/2025/texmf-dist/tex/latex/base/fix-cm.sty
Package: fix-cm 2020/11/24 v1.1t fixes to LaTeX

(d:/Programs/LaTeX/TeXLive/2025/texmf-dist/tex/latex/base/ts1enc.def
File: ts1enc.def 2001/06/05 v3.0e (jk/car/fm) Standard LaTeX file
LaTeX Font Info:    Redeclaring font encoding TS1 on input line 47.
))
\g__um_fam_int=\count325
\g__um_fonts_used_int=\count326
\l__um_primecount_int=\count327
\g__um_primekern_muskip=\muskip18

(d:/Programs/LaTeX/TeXLive/2025/texmf-dist/tex/latex/unicode-math/unicode-math-
table.tex)))

Package fontspec Info: 
(fontspec)             Could not resolve font "Stix Two Math/B" (it probably
(fontspec)             doesn't exist).


Package fontspec Info: 
(fontspec)             Font family 'StixTwoMath(0)' created for font 'Stix Two
(fontspec)             Math' with options
(fontspec)             [Ligatures={TeX},Renderer=Basic,BoldItalicFont={},Italic
Font={},SmallCapsFont={},Script=Math,RawFeature={mathfontdimen=xetex}].
(fontspec)              
(fontspec)              This font family consists of the following NFSS
(fontspec)             series/shapes:
(fontspec)              
(fontspec)             - 'normal' (m/n) with NFSS spec.: <->"name:Stix Two
(fontspec)             Math:mode=base;script=math;language=dflt;+tlig;mathfontd
imen=xetex;"


Package fontspec Info: 
(fontspec)             Could not resolve font "Stix Two Math/B" (it probably
(fontspec)             doesn't exist).


Package fontspec Info: 
(fontspec)             Font family 'StixTwoMath(1)' created for font 'Stix Two
(fontspec)             Math' with options
(fontspec)             [Ligatures={TeX},Renderer=Basic,BoldItalicFont={},Italic
Font={},SmallCapsFont={},Script=Math,SizeFeatures={{Size=12.24-},{Size=9-12.24,
Font=Stix
(fontspec)             Two Math,Style=MathScript},{Size=-9,Font=Stix Two
(fontspec)             Math,Style=MathScriptScript}},RawFeature={mathfontdimen=
xetex}].
(fontspec)              
(fontspec)              This font family consists of the following NFSS
(fontspec)             series/shapes:
(fontspec)              
(fontspec)             - 'normal' (m/n) with NFSS spec.: <12.24->"name:Stix
(fontspec)             Two
(fontspec)             Math:mode=base;script=math;language=dflt;+tlig;mathfontd
imen=xetex;"<9-12.24>"name:Stix
(fontspec)             Two
(fontspec)             Math:mode=base;script=math;language=dflt;+tlig;mathfontd
imen=xetex;+ssty=0;"<-9>"name:Stix
(fontspec)             Two
(fontspec)             Math:mode=base;script=math;language=dflt;+tlig;mathfontd
imen=xetex;+ssty=1;"

LaTeX Font Info:    Encoding `OT1' has changed to `TU' for symbol font
(Font)              `operators' in the math version `normal' on input line 197.

LaTeX Font Info:    Overwriting symbol font `operators' in version `normal'
(Font)                  OT1/cmr/m/n --> TU/StixTwoMath(1)/m/n on input line 197
.
LaTeX Font Info:    Encoding `OT1' has changed to `TU' for symbol font
(Font)              `operators' in the math version `bold' on input line 197.
LaTeX Font Info:    Overwriting symbol font `operators' in version `bold'
(Font)                  OT1/cmr/bx/n --> TU/StixTwoMath(1)/b/n on input line 19
7.

Package fontspec Info: 
(fontspec)             Could not resolve font "Stix Two Math/B" (it probably
(fontspec)             doesn't exist).


Package fontspec Info: 
(fontspec)             Font family 'StixTwoMath(2)' created for font 'Stix Two
(fontspec)             Math' with options
(fontspec)             [Ligatures={TeX},Renderer=Basic,BoldItalicFont={},Italic
Font={},SmallCapsFont={},Script=Math,SizeFeatures={{Size=12.24-},{Size=9-12.24,
Font=Stix
(fontspec)             Two Math,Style=MathScript},{Size=-9,Font=Stix Two
(fontspec)             Math,Style=MathScriptScript}},RawFeature={mathfontdimen=
xetex},RawFeature={mathfontdimen=tex2}].
(fontspec)              
(fontspec)              This font family consists of the following NFSS
(fontspec)             series/shapes:
(fontspec)              
(fontspec)             - 'normal' (m/n) with NFSS spec.: <12.24->"name:Stix
(fontspec)             Two
(fontspec)             Math:mode=base;script=math;language=dflt;+tlig;mathfontd
imen=xetex;mathfontdimen=tex2;"<9-12.24>"name:Stix
(fontspec)             Two
(fontspec)             Math:mode=base;script=math;language=dflt;+tlig;mathfontd
imen=xetex;mathfontdimen=tex2;+ssty=0;"<-9>"name:Stix
(fontspec)             Two
(fontspec)             Math:mode=base;script=math;language=dflt;+tlig;mathfontd
imen=xetex;mathfontdimen=tex2;+ssty=1;"

LaTeX Font Info:    Encoding `OMS' has changed to `TU' for symbol font
(Font)              `symbols' in the math version `normal' on input line 197.
LaTeX Font Info:    Overwriting symbol font `symbols' in version `normal'
(Font)                  OMS/cmsy/m/n --> TU/StixTwoMath(2)/m/n on input line 19
7.
LaTeX Font Info:    Encoding `OMS' has changed to `TU' for symbol font
(Font)              `symbols' in the math version `bold' on input line 197.
LaTeX Font Info:    Overwriting symbol font `symbols' in version `bold'
(Font)                  OMS/cmsy/b/n --> TU/StixTwoMath(2)/b/n on input line 19
7.

Package fontspec Info: 
(fontspec)             Could not resolve font "Stix Two Math/B" (it probably
(fontspec)             doesn't exist).


Package fontspec Info: 
(fontspec)             Font family 'StixTwoMath(3)' created for font 'Stix Two
(fontspec)             Math' with options
(fontspec)             [Ligatures={TeX},Renderer=Basic,BoldItalicFont={},Italic
Font={},SmallCapsFont={},Script=Math,SizeFeatures={{Size=12.24-},{Size=9-12.24,
Font=Stix
(fontspec)             Two Math,Style=MathScript},{Size=-9,Font=Stix Two
(fontspec)             Math,Style=MathScriptScript}},RawFeature={mathfontdimen=
xetex},RawFeature={mathfontdimen=tex3}].
(fontspec)              
(fontspec)              This font family consists of the following NFSS
(fontspec)             series/shapes:
(fontspec)              
(fontspec)             - 'normal' (m/n) with NFSS spec.: <12.24->"name:Stix
(fontspec)             Two
(fontspec)             Math:mode=base;script=math;language=dflt;+tlig;mathfontd
imen=xetex;mathfontdimen=tex3;"<9-12.24>"name:Stix
(fontspec)             Two
(fontspec)             Math:mode=base;script=math;language=dflt;+tlig;mathfontd
imen=xetex;mathfontdimen=tex3;+ssty=0;"<-9>"name:Stix
(fontspec)             Two
(fontspec)             Math:mode=base;script=math;language=dflt;+tlig;mathfontd
imen=xetex;mathfontdimen=tex3;+ssty=1;"

LaTeX Font Info:    Encoding `OMX' has changed to `TU' for symbol font
(Font)              `largesymbols' in the math version `normal' on input line 1
97.
LaTeX Font Info:    Overwriting symbol font `largesymbols' in version `normal'
(Font)                  OMX/cmex/m/n --> TU/StixTwoMath(3)/m/n on input line 19
7.
LaTeX Font Info:    Encoding `OMX' has changed to `TU' for symbol font
(Font)              `largesymbols' in the math version `bold' on input line 197
.
LaTeX Font Info:    Overwriting symbol font `largesymbols' in version `bold'
(Font)                  OMX/cmex/m/n --> TU/StixTwoMath(3)/b/n on input line 19
7.
LaTeX Font Info:    Trying to load font information for U+msa on input line 197
.

(d:/Programs/LaTeX/TeXLive/2025/texmf-dist/tex/latex/amsfonts/umsa.fd
File: umsa.fd 2013/01/14 v3.01 AMS symbols A
)
LaTeX Font Info:    Trying to load font information for U+msb on input line 197
.

(d:/Programs/LaTeX/TeXLive/2025/texmf-dist/tex/latex/amsfonts/umsb.fd
File: umsb.fd 2013/01/14 v3.01 AMS symbols B
)
(d:/Programs/LaTeX/TeXLive/2025/texmf-dist/tex/latex/esint/esint.sty
Package: esint 
\symlargesymbolsA=\mathgroup6
)
(d:/Programs/LaTeX/TeXLive/2025/texmf-dist/tex/latex/units/nicefrac.sty
Package: nicefrac 1998/08/04 v0.9b Nice fractions
\L@UnitsRaiseDisplaystyle=\skip70
\L@UnitsRaiseTextstyle=\skip71
\L@UnitsRaiseScriptstyle=\skip72

(d:/Programs/LaTeX/TeXLive/2025/texmf-dist/tex/latex/base/ifthen.sty
Package: ifthen 2024/03/16 v1.1e Standard LaTeX ifthen package (DPC)
))
(d:/Programs/LaTeX/TeXLive/2025/texmf-dist/tex/latex/mhchem/mhchem.sty
Package: mhchem 2024/01/29 v4.10 for typesetting chemical formulae

(d:/Programs/LaTeX/TeXLive/2025/texmf-dist/tex/latex/tools/calc.sty
Package: calc 2023/07/08 v4.3 Infix arithmetic (KKT,FJ)
\calc@Acount=\count328
\calc@Bcount=\count329
\calc@Adimen=\dimen263
\calc@Bdimen=\dimen264
\calc@Askip=\skip73
\calc@Bskip=\skip74
LaTeX Info: Redefining \setlength on input line 80.
LaTeX Info: Redefining \addtolength on input line 81.
\calc@Ccount=\count330
\calc@Cskip=\skip75
)
(d:/Programs/LaTeX/TeXLive/2025/texmf-dist/tex/latex/chemgreek/chemgreek.sty
Package: chemgreek 2020/01/16 v1.1a interface for upright Greek letters for use
 in chemistry (CN)
\l__chemgreek_tmpa_int=\count331
\g__chemgreek_tmpa_int=\count332
)
(d:/Programs/LaTeX/TeXLive/2025/texmf-dist/tex/latex/graphics/graphics.sty
Package: graphics 2024/08/06 v1.4g Standard LaTeX Graphics (DPC,SPQR)

(d:/Programs/LaTeX/TeXLive/2025/texmf-dist/tex/latex/graphics/trig.sty
Package: trig 2023/12/02 v1.11 sin cos tan (DPC)
)
(d:/Programs/LaTeX/TeXLive/2025/texmf-dist/tex/latex/graphics-cfg/graphics.cfg
File: graphics.cfg 2016/06/04 v1.11 sample graphics configuration
)
Package graphics Info: Driver file: luatex.def on input line 106.
)
\l__mhchem_ce_distanceFromLastComma_int=\count333
\__mhchem_arrow_extPgfLength_skip=\skip76
\mhchem@minispace@tmp=\skip77
\mhchem@minibackspace@tmp=\skip78
\mhchem@bondwidth=\skip79
\mhchem@bondheight=\skip80
\mhchem@smallbondwidth@tmpA=\skip81
\mhchem@smallbondwidth@tmpB=\skip82
\mhchem@smallbondwidth=\skip83
\mhchem@bondtmp@minussidebearingleft=\skip84
\mhchem@bondtmp@minussidebearingright=\skip85
\l__mhchem_option_version_int=\count334
\mhchem@option@minusmathsidebearingleft=\dimen265
\mhchem@option@minusmathsidebearingright=\dimen266
\mhchem@option@minustextsidebearingleft=\dimen267
\mhchem@option@minustextsidebearingright=\dimen268


Package mhchem Warning: You did not specify a 'version' option for the mhchem
(mhchem)                package. Please write \usepackage[version=4]{mhchem}
(mhchem)                in your preamble (or any lower number for
(mhchem)                compatibility mode), because you might get slightly
(mhchem)                different output with the same input in future versions
.

) (d:/Programs/LaTeX/TeXLive/2025/texmf-dist/tex/latex/was/icomma.sty
Package: icomma 2002/03/10 v2.0 (WaS)
)
(d:/Programs/LaTeX/TeXLive/2025/texmf-dist/tex/latex/tabularray/tabularray.sty
Package: tabularray 2025-03-11 v2025A Typeset tabulars and arrays with LaTeX3

(d:/Programs/LaTeX/TeXLive/2025/texmf-dist/tex/latex/ninecolors/ninecolors.sty
Package: ninecolors 2022-02-13 v2022D Select colors with proper color contrast
)
\l__tblr_a_int=\count335
\l__tblr_c_int=\count336
\l__tblr_r_int=\count337
\l__tblr_d_dim=\dimen269
\l__tblr_h_dim=\dimen270
\l__tblr_o_dim=\dimen271
\l__tblr_p_dim=\dimen272
\l__tblr_q_dim=\dimen273
\l__tblr_r_dim=\dimen274
\l__tblr_s_dim=\dimen275
\l__tblr_t_dim=\dimen276
\l__tblr_v_dim=\dimen277
\l__tblr_w_dim=\dimen278
\l__tblr_a_box=\box78
\l__tblr_b_box=\box79
\l__tblr_c_box=\box80
\l__tblr_d_box=\box81
\c@tblrcount=\count338
\c@colnum=\count339
\c@rowcount=\count340
\c@colcount=\count341
\abovesep=\dimen279
\belowsep=\dimen280
\leftsep=\dimen281
\rightsep=\dimen282
\gTblrLevelInt=\count342
\g__tblr_data_row_key_count_int=\count343
\g__tblr_data_column_key_count_int=\count344
\g__tblr_data_cell_key_count_int=\count345
\g__tblr_array_int=\count346
\l__tblr_key_count_int=\count347
\l__tblr_key_quotient_int=\count348
\l__tblr_key_quotient_two_int=\count349
\l__tblr_key_remainder_int=\count350
\g__tblr_data_str_value_count_int=\count351
\lTblrChildTotalInt=\count352
\lTblrChildHtotalInt=\count353
\lTblrChildVtotalInt=\count354
\l__child_diff_h_int=\count355
\l__child_diff_v_int=\count356
\l__child_sign_h_int=\count357
\l__child_sign_v_int=\count358
\l__child_step_int=\count359
\lTblrDefaultHruleWidthDim=\dimen283
\lTblrDefaultVruleWidthDim=\dimen284
\l__tblr_split_balance_int=\count360
\l__tblr_strut_dp_dim=\dimen285
\l__tblr_strut_ht_dim=\dimen286
\g__tblr_cell_wd_dim=\dimen287
\g__tblr_cell_ht_dim=\dimen288
\g__tblr_cell_head_dim=\dimen289
\g__tblr_cell_foot_dim=\dimen290
\l__tblr_measured_cell_box=\box82
\g__tblr_last_box=\box83
\l__tblr_temp_box=\box84
\l__tblr_column_target_dim=\dimen291
\l__tblr_hfuzz_dim=\dimen292
\l__tblr_caption_box=\box85
\l__tblr_caption_left_box=\box86
\lTblrRowHeadInt=\count361
\lTblrRowFootInt=\count362
\l__tblr_row_head_box=\box87
\l__tblr_row_foot_box=\box88
\l__tblr_row_head_foot_dim=\dimen293
\lTblrTableWidthDim=\dimen294
\l__tblr_table_firsthead_box=\box89
\l__tblr_table_middlehead_box=\box90
\l__tblr_table_lasthead_box=\box91
\l__tblr_table_firstfoot_box=\box92
\l__tblr_table_middlefoot_box=\box93
\l__tblr_table_lastfoot_box=\box94
\l__tblr_remain_height_dim=\dimen295
\l__tblr_long_from_int=\count363
\l__tblr_long_to_int=\count364
\l__tblr_curr_i_int=\count365
\l__tblr_prev_i_int=\count366
\lTblrTablePageInt=\count367
\l__tblr_table_head_box=\box95
\l__tblr_table_foot_box=\box96
\l__tblr_table_head_foot_dim=\dimen296
\l__tblr_table_head_body_foot_dim=\dimen297
\l__tblr_table_box=\box97
\lTblrRowFirstInt=\count368
\lTblrRowLastInt=\count369
\l__tblr_table_hlines_box=\box98
\l__tblr_hline_box=\box99
\l__tblr_row_box=\box100
\l__tblr_col_o_wd_dim=\dimen298
\l__tblr_col_b_wd_dim=\dimen299
\l__tblr_hline_leftskip_dim=\dimen300
\l__tblr_hline_rightskip_dim=\dimen301
\l__tblr_row_ht_dim=\dimen302
\l__tblr_row_dp_dim=\dimen303
\l__tblr_row_abovesep_dim=\dimen304
\l__tblr_row_belowsep_dim=\dimen305
\l__tblr_row_vlines_box=\box101
\l__tblr_vline_box=\box102
\l__tblr_cell_box=\box103
\l__tblr_row_upper_dim=\dimen306
\l__tblr_row_lower_dim=\dimen307
\l__tblr_row_vpace_dim=\dimen308
\l__tblr_vline_aboveskip_dim=\dimen309
\l__tblr_vline_belowskip_dim=\dimen310
\lTblrCellRowSpanInt=\count370
\lTblrCellColSpanInt=\count371
\l__tblr_cell_wd_dim=\dimen311
\l__tblr_cell_ht_dim=\dimen312
\lTblrCellAboveBorderWidthDim=\dimen313
\lTblrCellBelowBorderWidthDim=\dimen314
\lTblrCellLeftBorderWidthDim=\dimen315
\lTblrCellRightBorderWidthDim=\dimen316
\l__tblr_diag_box=\box104
\l__tblr_cell_inner_wd_dim=\dimen317
\l__tblr_cell_inner_dp_dim=\dimen318
\l__tblr_cell_hanchor_dim=\dimen319
\l__tblr_last_cell_table_ht_dim=\dimen320
\l__tblr_last_cell_table_dp_dim=\dimen321
\l__tblr_last_vline_wd_dim=\dimen322
\l__tblr_tikz_node_box=\box105
) (d:/Programs/LaTeX/TeXLive/2025/texmf-dist/tex/latex/booktabs/booktabs.sty
Package: booktabs 2020/01/12 v1.61803398 Publication quality tables
\heavyrulewidth=\dimen323
\lightrulewidth=\dimen324
\cmidrulewidth=\dimen325
\belowrulesep=\dimen326
\belowbottomsep=\dimen327
\aboverulesep=\dimen328
\abovetopsep=\dimen329
\cmidrulesep=\dimen330
\cmidrulekern=\dimen331
\defaultaddspace=\dimen332
\@cmidla=\count372
\@cmidlb=\count373
\@aboverulesep=\dimen333
\@belowrulesep=\dimen334
\@thisruleclass=\count374
\@lastruleclass=\count375
\@thisrulewidth=\dimen335
)
(d:/Programs/LaTeX/TeXLive/2025/texmf-dist/tex/latex/currfile/currfile.sty
Package: currfile 2024/03/14 v1.0 Provides the file path elements of the curren
t input file

(d:/Programs/LaTeX/TeXLive/2025/texmf-dist/tex/latex/kvoptions/kvoptions.sty
Package: kvoptions 2022-06-15 v3.15 Key value format for package options (HO)

(d:/Programs/LaTeX/TeXLive/2025/texmf-dist/tex/generic/ltxcmds/ltxcmds.sty
Package: ltxcmds 2023-12-04 v1.26 LaTeX kernel commands for general use (HO)
)
(d:/Programs/LaTeX/TeXLive/2025/texmf-dist/tex/latex/kvsetkeys/kvsetkeys.sty
Package: kvsetkeys 2022-10-05 v1.19 Key value parser (HO)
))
(d:/Programs/LaTeX/TeXLive/2025/texmf-dist/tex/latex/filehook/filehook.sty
Package: filehook 2022/10/25 v0.8b Hooks for input files

(d:/Programs/LaTeX/TeXLive/2025/texmf-dist/tex/latex/filehook/filehook-2020.sty
Package: filehook-2020 2022/10/25 v0.8b Hooks for input files
))
\c@currfiledepth=\count376
)
(d:/Programs/LaTeX/TeXLive/2025/texmf-dist/tex/latex/tcolorbox/tcolorbox.sty
Package: tcolorbox 2024/10/22 version 6.4.1 text color boxes

(d:/Programs/LaTeX/TeXLive/2025/texmf-dist/tex/latex/pgf/frontendlayer/tikz.sty
(d:/Programs/LaTeX/TeXLive/2025/texmf-dist/tex/latex/pgf/basiclayer/pgf.sty
(d:/Programs/LaTeX/TeXLive/2025/texmf-dist/tex/latex/pgf/utilities/pgfrcs.sty
(d:/Programs/LaTeX/TeXLive/2025/texmf-dist/tex/generic/pgf/utilities/pgfutil-co
mmon.tex
\pgfutil@everybye=\toks29
\pgfutil@tempdima=\dimen336
\pgfutil@tempdimb=\dimen337
)
(d:/Programs/LaTeX/TeXLive/2025/texmf-dist/tex/generic/pgf/utilities/pgfutil-la
tex.def
\pgfutil@abb=\box106
)
(d:/Programs/LaTeX/TeXLive/2025/texmf-dist/tex/generic/pgf/utilities/pgfrcs.cod
e.tex
(d:/Programs/LaTeX/TeXLive/2025/texmf-dist/tex/generic/pgf/pgf.revision.tex)
Package: pgfrcs 2023-01-15 v3.1.10 (3.1.10)
))
Package: pgf 2023-01-15 v3.1.10 (3.1.10)

(d:/Programs/LaTeX/TeXLive/2025/texmf-dist/tex/latex/pgf/basiclayer/pgfcore.sty
(d:/Programs/LaTeX/TeXLive/2025/texmf-dist/tex/latex/graphics/graphicx.sty
Package: graphicx 2021/09/16 v1.2d Enhanced LaTeX Graphics (DPC,SPQR)
\Gin@req@height=\dimen338
\Gin@req@width=\dimen339
)
(d:/Programs/LaTeX/TeXLive/2025/texmf-dist/tex/latex/pgf/systemlayer/pgfsys.sty

(d:/Programs/LaTeX/TeXLive/2025/texmf-dist/tex/generic/pgf/systemlayer/pgfsys.c
ode.tex
Package: pgfsys 2023-01-15 v3.1.10 (3.1.10)

(d:/Programs/LaTeX/TeXLive/2025/texmf-dist/tex/generic/pgf/utilities/pgfkeys.co
de.tex
\pgfkeys@pathtoks=\toks30
\pgfkeys@temptoks=\toks31

(d:/Programs/LaTeX/TeXLive/2025/texmf-dist/tex/generic/pgf/utilities/pgfkeyslib
raryfiltered.code.tex
\pgfkeys@tmptoks=\toks32
))
\pgf@x=\dimen340
\pgf@y=\dimen341
\pgf@xa=\dimen342
\pgf@ya=\dimen343
\pgf@xb=\dimen344
\pgf@yb=\dimen345
\pgf@xc=\dimen346
\pgf@yc=\dimen347
\pgf@xd=\dimen348
\pgf@yd=\dimen349
\w@pgf@writea=\write3
\r@pgf@reada=\read3
\c@pgf@counta=\count377
\c@pgf@countb=\count378
\c@pgf@countc=\count379
\c@pgf@countd=\count380
\t@pgf@toka=\toks33
\t@pgf@tokb=\toks34
\t@pgf@tokc=\toks35
\pgf@sys@id@count=\count381

(d:/Programs/LaTeX/TeXLive/2025/texmf-dist/tex/generic/pgf/systemlayer/pgf.cfg
File: pgf.cfg 2023-01-15 v3.1.10 (3.1.10)
)
Driver file for pgf: pgfsys-luatex.def

(d:/Programs/LaTeX/TeXLive/2025/texmf-dist/tex/generic/pgf/systemlayer/pgfsys-l
uatex.def
File: pgfsys-luatex.def 2023-01-15 v3.1.10 (3.1.10)

(d:/Programs/LaTeX/TeXLive/2025/texmf-dist/tex/generic/pgf/systemlayer/pgfsys-c
ommon-pdf.def
File: pgfsys-common-pdf.def 2023-01-15 v3.1.10 (3.1.10)
)))
(d:/Programs/LaTeX/TeXLive/2025/texmf-dist/tex/generic/pgf/systemlayer/pgfsysso
ftpath.code.tex
File: pgfsyssoftpath.code.tex 2023-01-15 v3.1.10 (3.1.10)
\pgfsyssoftpath@smallbuffer@items=\count382
\pgfsyssoftpath@bigbuffer@items=\count383
)
(d:/Programs/LaTeX/TeXLive/2025/texmf-dist/tex/generic/pgf/systemlayer/pgfsyspr
otocol.code.tex
File: pgfsysprotocol.code.tex 2023-01-15 v3.1.10 (3.1.10)
))
(d:/Programs/LaTeX/TeXLive/2025/texmf-dist/tex/generic/pgf/basiclayer/pgfcore.c
ode.tex
Package: pgfcore 2023-01-15 v3.1.10 (3.1.10)

(d:/Programs/LaTeX/TeXLive/2025/texmf-dist/tex/generic/pgf/math/pgfmath.code.te
x
(d:/Programs/LaTeX/TeXLive/2025/texmf-dist/tex/generic/pgf/math/pgfmathutil.cod
e.tex)
(d:/Programs/LaTeX/TeXLive/2025/texmf-dist/tex/generic/pgf/math/pgfmathparser.c
ode.tex
\pgfmath@dimen=\dimen350
\pgfmath@count=\count384
\pgfmath@box=\box107
\pgfmath@toks=\toks36
\pgfmath@stack@operand=\toks37
\pgfmath@stack@operation=\toks38
)
(d:/Programs/LaTeX/TeXLive/2025/texmf-dist/tex/generic/pgf/math/pgfmathfunction
s.code.tex)
(d:/Programs/LaTeX/TeXLive/2025/texmf-dist/tex/generic/pgf/math/pgfmathfunction
s.basic.code.tex)
(d:/Programs/LaTeX/TeXLive/2025/texmf-dist/tex/generic/pgf/math/pgfmathfunction
s.trigonometric.code.tex)
(d:/Programs/LaTeX/TeXLive/2025/texmf-dist/tex/generic/pgf/math/pgfmathfunction
s.random.code.tex)
(d:/Programs/LaTeX/TeXLive/2025/texmf-dist/tex/generic/pgf/math/pgfmathfunction
s.comparison.code.tex)
(d:/Programs/LaTeX/TeXLive/2025/texmf-dist/tex/generic/pgf/math/pgfmathfunction
s.base.code.tex)
(d:/Programs/LaTeX/TeXLive/2025/texmf-dist/tex/generic/pgf/math/pgfmathfunction
s.round.code.tex)
(d:/Programs/LaTeX/TeXLive/2025/texmf-dist/tex/generic/pgf/math/pgfmathfunction
s.misc.code.tex)
(d:/Programs/LaTeX/TeXLive/2025/texmf-dist/tex/generic/pgf/math/pgfmathfunction
s.integerarithmetics.code.tex)
(d:/Programs/LaTeX/TeXLive/2025/texmf-dist/tex/generic/pgf/math/pgfmathcalc.cod
e.tex)
(d:/Programs/LaTeX/TeXLive/2025/texmf-dist/tex/generic/pgf/math/pgfmathfloat.co
de.tex
\c@pgfmathroundto@lastzeros=\count385
))
(d:/Programs/LaTeX/TeXLive/2025/texmf-dist/tex/generic/pgf/math/pgfint.code.tex
)
(d:/Programs/LaTeX/TeXLive/2025/texmf-dist/tex/generic/pgf/basiclayer/pgfcorepo
ints.code.tex
File: pgfcorepoints.code.tex 2023-01-15 v3.1.10 (3.1.10)
\pgf@picminx=\dimen351
\pgf@picmaxx=\dimen352
\pgf@picminy=\dimen353
\pgf@picmaxy=\dimen354
\pgf@pathminx=\dimen355
\pgf@pathmaxx=\dimen356
\pgf@pathminy=\dimen357
\pgf@pathmaxy=\dimen358
\pgf@xx=\dimen359
\pgf@xy=\dimen360
\pgf@yx=\dimen361
\pgf@yy=\dimen362
\pgf@zx=\dimen363
\pgf@zy=\dimen364
)
(d:/Programs/LaTeX/TeXLive/2025/texmf-dist/tex/generic/pgf/basiclayer/pgfcorepa
thconstruct.code.tex
File: pgfcorepathconstruct.code.tex 2023-01-15 v3.1.10 (3.1.10)
\pgf@path@lastx=\dimen365
\pgf@path@lasty=\dimen366
)
(d:/Programs/LaTeX/TeXLive/2025/texmf-dist/tex/generic/pgf/basiclayer/pgfcorepa
thusage.code.tex
File: pgfcorepathusage.code.tex 2023-01-15 v3.1.10 (3.1.10)
\pgf@shorten@end@additional=\dimen367
\pgf@shorten@start@additional=\dimen368
)
(d:/Programs/LaTeX/TeXLive/2025/texmf-dist/tex/generic/pgf/basiclayer/pgfcoresc
opes.code.tex
File: pgfcorescopes.code.tex 2023-01-15 v3.1.10 (3.1.10)
\pgfpic=\box108
\pgf@hbox=\box109
\pgf@layerbox@main=\box110
\pgf@picture@serial@count=\count386
)
(d:/Programs/LaTeX/TeXLive/2025/texmf-dist/tex/generic/pgf/basiclayer/pgfcoregr
aphicstate.code.tex
File: pgfcoregraphicstate.code.tex 2023-01-15 v3.1.10 (3.1.10)
\pgflinewidth=\dimen369
)
(d:/Programs/LaTeX/TeXLive/2025/texmf-dist/tex/generic/pgf/basiclayer/pgfcoretr
ansformations.code.tex
File: pgfcoretransformations.code.tex 2023-01-15 v3.1.10 (3.1.10)
\pgf@pt@x=\dimen370
\pgf@pt@y=\dimen371
\pgf@pt@temp=\dimen372
)
(d:/Programs/LaTeX/TeXLive/2025/texmf-dist/tex/generic/pgf/basiclayer/pgfcorequ
ick.code.tex
File: pgfcorequick.code.tex 2023-01-15 v3.1.10 (3.1.10)
)
(d:/Programs/LaTeX/TeXLive/2025/texmf-dist/tex/generic/pgf/basiclayer/pgfcoreob
jects.code.tex
File: pgfcoreobjects.code.tex 2023-01-15 v3.1.10 (3.1.10)
)
(d:/Programs/LaTeX/TeXLive/2025/texmf-dist/tex/generic/pgf/basiclayer/pgfcorepa
thprocessing.code.tex
File: pgfcorepathprocessing.code.tex 2023-01-15 v3.1.10 (3.1.10)
)
(d:/Programs/LaTeX/TeXLive/2025/texmf-dist/tex/generic/pgf/basiclayer/pgfcorear
rows.code.tex
File: pgfcorearrows.code.tex 2023-01-15 v3.1.10 (3.1.10)
\pgfarrowsep=\dimen373
)
(d:/Programs/LaTeX/TeXLive/2025/texmf-dist/tex/generic/pgf/basiclayer/pgfcoresh
ade.code.tex
File: pgfcoreshade.code.tex 2023-01-15 v3.1.10 (3.1.10)
\pgf@max=\dimen374
\pgf@sys@shading@range@num=\count387
\pgf@shadingcount=\count388
)
(d:/Programs/LaTeX/TeXLive/2025/texmf-dist/tex/generic/pgf/basiclayer/pgfcoreim
age.code.tex
File: pgfcoreimage.code.tex 2023-01-15 v3.1.10 (3.1.10)
)
(d:/Programs/LaTeX/TeXLive/2025/texmf-dist/tex/generic/pgf/basiclayer/pgfcoreex
ternal.code.tex
File: pgfcoreexternal.code.tex 2023-01-15 v3.1.10 (3.1.10)
\pgfexternal@startupbox=\box111
)
(d:/Programs/LaTeX/TeXLive/2025/texmf-dist/tex/generic/pgf/basiclayer/pgfcorela
yers.code.tex
File: pgfcorelayers.code.tex 2023-01-15 v3.1.10 (3.1.10)
)
(d:/Programs/LaTeX/TeXLive/2025/texmf-dist/tex/generic/pgf/basiclayer/pgfcoretr
ansparency.code.tex
File: pgfcoretransparency.code.tex 2023-01-15 v3.1.10 (3.1.10)
)
(d:/Programs/LaTeX/TeXLive/2025/texmf-dist/tex/generic/pgf/basiclayer/pgfcorepa
tterns.code.tex
File: pgfcorepatterns.code.tex 2023-01-15 v3.1.10 (3.1.10)
)
(d:/Programs/LaTeX/TeXLive/2025/texmf-dist/tex/generic/pgf/basiclayer/pgfcorerd
f.code.tex
File: pgfcorerdf.code.tex 2023-01-15 v3.1.10 (3.1.10)
)))
(d:/Programs/LaTeX/TeXLive/2025/texmf-dist/tex/generic/pgf/modules/pgfmodulesha
pes.code.tex
File: pgfmoduleshapes.code.tex 2023-01-15 v3.1.10 (3.1.10)
\pgfnodeparttextbox=\box112
)
(d:/Programs/LaTeX/TeXLive/2025/texmf-dist/tex/generic/pgf/modules/pgfmoduleplo
t.code.tex
File: pgfmoduleplot.code.tex 2023-01-15 v3.1.10 (3.1.10)
)
(d:/Programs/LaTeX/TeXLive/2025/texmf-dist/tex/latex/pgf/compatibility/pgfcomp-
version-0-65.sty
Package: pgfcomp-version-0-65 2023-01-15 v3.1.10 (3.1.10)
\pgf@nodesepstart=\dimen375
\pgf@nodesepend=\dimen376
)
(d:/Programs/LaTeX/TeXLive/2025/texmf-dist/tex/latex/pgf/compatibility/pgfcomp-
version-1-18.sty
Package: pgfcomp-version-1-18 2023-01-15 v3.1.10 (3.1.10)
))
(d:/Programs/LaTeX/TeXLive/2025/texmf-dist/tex/latex/pgf/utilities/pgffor.sty
(d:/Programs/LaTeX/TeXLive/2025/texmf-dist/tex/latex/pgf/utilities/pgfkeys.sty
(d:/Programs/LaTeX/TeXLive/2025/texmf-dist/tex/generic/pgf/utilities/pgfkeys.co
de.tex))
(d:/Programs/LaTeX/TeXLive/2025/texmf-dist/tex/latex/pgf/math/pgfmath.sty
(d:/Programs/LaTeX/TeXLive/2025/texmf-dist/tex/generic/pgf/math/pgfmath.code.te
x))
(d:/Programs/LaTeX/TeXLive/2025/texmf-dist/tex/generic/pgf/utilities/pgffor.cod
e.tex
Package: pgffor 2023-01-15 v3.1.10 (3.1.10)
\pgffor@iter=\dimen377
\pgffor@skip=\dimen378
\pgffor@stack=\toks39
\pgffor@toks=\toks40
))
(d:/Programs/LaTeX/TeXLive/2025/texmf-dist/tex/generic/pgf/frontendlayer/tikz/t
ikz.code.tex
Package: tikz 2023-01-15 v3.1.10 (3.1.10)

(d:/Programs/LaTeX/TeXLive/2025/texmf-dist/tex/generic/pgf/libraries/pgflibrary
plothandlers.code.tex
File: pgflibraryplothandlers.code.tex 2023-01-15 v3.1.10 (3.1.10)
\pgf@plot@mark@count=\count389
\pgfplotmarksize=\dimen379
)
\tikz@lastx=\dimen380
\tikz@lasty=\dimen381
\tikz@lastxsaved=\dimen382
\tikz@lastysaved=\dimen383
\tikz@lastmovetox=\dimen384
\tikz@lastmovetoy=\dimen385
\tikzleveldistance=\dimen386
\tikzsiblingdistance=\dimen387
\tikz@figbox=\box113
\tikz@figbox@bg=\box114
\tikz@tempbox=\box115
\tikz@tempbox@bg=\box116
\tikztreelevel=\count390
\tikznumberofchildren=\count391
\tikznumberofcurrentchild=\count392
\tikz@fig@count=\count393

(d:/Programs/LaTeX/TeXLive/2025/texmf-dist/tex/generic/pgf/modules/pgfmodulemat
rix.code.tex
File: pgfmodulematrix.code.tex 2023-01-15 v3.1.10 (3.1.10)
\pgfmatrixcurrentrow=\count394
\pgfmatrixcurrentcolumn=\count395
\pgf@matrix@numberofcolumns=\count396
)
\tikz@expandcount=\count397

(d:/Programs/LaTeX/TeXLive/2025/texmf-dist/tex/generic/pgf/frontendlayer/tikz/l
ibraries/tikzlibrarytopaths.code.tex
File: tikzlibrarytopaths.code.tex 2023-01-15 v3.1.10 (3.1.10)
)))
(d:/Programs/LaTeX/TeXLive/2025/texmf-dist/tex/latex/tools/verbatim.sty
Package: verbatim 2024-01-22 v1.5x LaTeX2e package for verbatim enhancements
\every@verbatim=\toks41
\verbatim@line=\toks42
\verbatim@in@stream=\read4
)
(d:/Programs/LaTeX/TeXLive/2025/texmf-dist/tex/latex/environ/environ.sty
Package: environ 2014/05/04 v0.3 A new way to define environments

(d:/Programs/LaTeX/TeXLive/2025/texmf-dist/tex/latex/trimspaces/trimspaces.sty
Package: trimspaces 2009/09/17 v1.1 Trim spaces around a token list
))
\tcb@titlebox=\box117
\tcb@upperbox=\box118
\tcb@lowerbox=\box119
\tcb@phantombox=\box120
\c@tcbbreakpart=\count398
\c@tcblayer=\count399
\c@tcolorbox@number=\count400
\l__tcobox_tmpa_box=\box121
\l__tcobox_tmpa_dim=\dimen388
\tcb@temp=\box122
\tcb@temp=\box123
\tcb@temp=\box124
\tcb@temp=\box125

(d:/Programs/LaTeX/TeXLive/2025/texmf-dist/tex/latex/tcolorbox/tcbraster.code.t
ex
Library (tcolorbox): 'tcbraster.code.tex' version '6.4.1'
\c@tcbrastercolumn=\count401
\c@tcbrasterrow=\count402
\c@tcbrasternum=\count403
\c@tcbraster=\count404
)
(d:/Programs/LaTeX/TeXLive/2025/texmf-dist/tex/latex/tcolorbox/tcbskins.code.te
x
Library (tcolorbox): 'tcbskins.code.tex' version '6.4.1'

(d:/Programs/LaTeX/TeXLive/2025/texmf-dist/tex/latex/tikzfill/tikzfill.image.st
y
Package: tikzfill.image 2023/08/08 v1.0.1 Image filling library for TikZ

(d:/Programs/LaTeX/TeXLive/2025/texmf-dist/tex/latex/tikzfill/tikzfill-common.s
ty
Package: tikzfill-common 2023/08/08 v1.0.1 Auxiliary code for tikzfill
)
(d:/Programs/LaTeX/TeXLive/2025/texmf-dist/tex/latex/tikzfill/tikzlibraryfill.i
mage.code.tex
File: tikzlibraryfill.image.code.tex 2023/08/08 v1.0.1 Image filling library
\l__tikzfill_img_box=\box126
))
(d:/Programs/LaTeX/TeXLive/2025/texmf-dist/tex/latex/tcolorbox/tcbskinsjigsaw.c
ode.tex
Library (tcolorbox): 'tcbskinsjigsaw.code.tex' version '6.4.1'
))
(d:/Programs/LaTeX/TeXLive/2025/texmf-dist/tex/latex/tcolorbox/tcbbreakable.cod
e.tex
Library (tcolorbox): 'tcbbreakable.code.tex' version '6.4.1'
(d:/Programs/LaTeX/TeXLive/2025/texmf-dist/tex/latex/pdfcol/pdfcol.sty
Package: pdfcol 2022-09-21 v1.7 Handle new color stacks for pdfTeX (HO)

(d:/Programs/LaTeX/TeXLive/2025/texmf-dist/tex/generic/infwarerr/infwarerr.sty
Package: infwarerr 2019/12/03 v1.5 Providing info/warning/error messages (HO)
)
Package pdfcol Info: Interface disabled because of package `luacolor'.
)
Package pdfcol Info: pdfTeX's color stacks are not available.
\tcb@testbox=\box127
\tcb@totalupperbox=\box128
\tcb@totallowerbox=\box129
 (d:/Programs/LaTeX/TeXLive/2025/texmf-dist/tex/generic/iftex/ifluatex.sty
Package: ifluatex 2019/10/25 v1.5 ifluatex legacy package. Use iftex instead.
))
(d:/Programs/LaTeX/TeXLive/2025/texmf-dist/tex/latex/tcolorbox/tcbhooks.code.te
x
Library (tcolorbox): 'tcbhooks.code.tex' version '6.4.1'
)
(d:/Programs/LaTeX/TeXLive/2025/texmf-dist/tex/latex/tcolorbox/tcbtheorems.code
.tex
Library (tcolorbox): 'tcbtheorems.code.tex' version '6.4.1'
)
(d:/Programs/LaTeX/TeXLive/2025/texmf-dist/tex/latex/tcolorbox/tcbfitting.code.
tex
Library (tcolorbox): 'tcbfitting.code.tex' version '6.4.1'
\tcbfitdim=\dimen389
\tcb@lowerfitdim=\dimen390
\tcb@upperfitdim=\dimen391
\tcb@cur@hbadness=\count405
)
(d:/Programs/LaTeX/TeXLive/2025/texmf-dist/tex/latex/tcolorbox/tcblistingsutf8.
code.tex
Library (tcolorbox): 'tcblistingsutf8.code.tex' version '6.4.1'

(d:/Programs/LaTeX/TeXLive/2025/texmf-dist/tex/latex/tcolorbox/tcblistings.code
.tex
Library (tcolorbox): 'tcblistings.code.tex' version '6.4.1'
(d:/Programs/LaTeX/TeXLive/2025/texmf-dist/tex/latex/listings/listings.sty
\lst@mode=\count406
\lst@gtempboxa=\box130
\lst@token=\toks43
\lst@length=\count407
\lst@currlwidth=\dimen392
\lst@column=\count408
\lst@pos=\count409
\lst@lostspace=\dimen393
\lst@width=\dimen394
\lst@newlines=\count410
\lst@lineno=\count411
\lst@maxwidth=\dimen395

(d:/Programs/LaTeX/TeXLive/2025/texmf-dist/tex/latex/listings/lstpatch.sty
File: lstpatch.sty 2024/09/23 1.10c (Carsten Heinz)
)
(d:/Programs/LaTeX/TeXLive/2025/texmf-dist/tex/latex/listings/lstmisc.sty
File: lstmisc.sty 2024/09/23 1.10c (Carsten Heinz)
\c@lstnumber=\count412
\lst@skipnumbers=\count413
\lst@framebox=\box131
)
(d:/Programs/LaTeX/TeXLive/2025/texmf-dist/tex/latex/listings/listings.cfg
File: listings.cfg 2024/09/23 1.10c listings configuration
))
Package: listings 2024/09/23 1.10c (Carsten Heinz)

(d:/Programs/LaTeX/TeXLive/2025/texmf-dist/tex/latex/tcolorbox/tcblistingscore.
code.tex
Library (tcolorbox): 'tcblistingscore.code.tex' version '6.4.1'

(d:/Programs/LaTeX/TeXLive/2025/texmf-dist/tex/latex/tcolorbox/tcbprocessing.co
de.tex
Library (tcolorbox): 'tcbprocessing.code.tex' version '6.4.1'
)
\c@tcblisting=\count414
))
Package tcolorbox Info: Library `listingsutf8' is compatible with pdftex only. 
Library `listings` is loaded instead. on input line 29.
)
(d:/Programs/LaTeX/TeXLive/2025/texmf-dist/tex/latex/tcolorbox/tcbexternal.code
.tex
Library (tcolorbox): 'tcbexternal.code.tex' version '6.4.1'
)
(d:/Programs/LaTeX/TeXLive/2025/texmf-dist/tex/latex/tcolorbox/tcbmagazine.code
.tex
Library (tcolorbox): 'tcbmagazine.code.tex' version '6.4.1'
)
(d:/Programs/LaTeX/TeXLive/2025/texmf-dist/tex/latex/tcolorbox/tcbvignette.code
.tex
Library (tcolorbox): 'tcbvignette.code.tex' version '6.4.1'

(d:/Programs/LaTeX/TeXLive/2025/texmf-dist/tex/generic/pgf/frontendlayer/tikz/l
ibraries/tikzlibraryfadings.code.tex
File: tikzlibraryfadings.code.tex 2023-01-15 v3.1.10 (3.1.10)

(d:/Programs/LaTeX/TeXLive/2025/texmf-dist/tex/generic/pgf/libraries/pgflibrary
fadings.code.tex
File: pgflibraryfadings.code.tex 2023-01-15 v3.1.10 (3.1.10)
)))
(d:/Programs/LaTeX/TeXLive/2025/texmf-dist/tex/latex/tcolorbox/tcbposter.code.t
ex
Library (tcolorbox): 'tcbposter.code.tex' version '6.4.1'
)) (./ThermodImages.sty

LaTeX Warning: You have requested package `ThermodImages',
               but the package provides `OpticsImages'.

Package: OpticsImages 
(d:/Programs/LaTeX/TeXLive/2025/texmf-dist/tex/latex/psnfss/pifont.sty
Package: pifont 2020/03/25 PSNFSS-v9.3 Pi font support (SPQR) 
LaTeX Font Info:    Trying to load font information for U+pzd on input line 63.


(d:/Programs/LaTeX/TeXLive/2025/texmf-dist/tex/latex/psnfss/upzd.fd
File: upzd.fd 2001/06/04 font definitions for U/pzd.
)
LaTeX Font Info:    Trying to load font information for U+psy on input line 64.


(d:/Programs/LaTeX/TeXLive/2025/texmf-dist/tex/latex/psnfss/upsy.fd
File: upsy.fd 2001/06/04 font definitions for U/psy.
))
(d:/Programs/LaTeX/TeXLive/2025/texmf-dist/tex/latex/pgfplots/pgfplots.sty
(d:/Programs/LaTeX/TeXLive/2025/texmf-dist/tex/generic/pgfplots/pgfplots.revisi
on.tex)
Package: pgfplots 2021/05/15 v1.18.1 Data Visualization (1.18.1)

(d:/Programs/LaTeX/TeXLive/2025/texmf-dist/tex/generic/pgfplots/pgfplots.code.t
ex
(d:/Programs/LaTeX/TeXLive/2025/texmf-dist/tex/generic/pgfplots/pgfplotscore.co
de.tex
Package pgfplots info on input line 124: Initializing with LUA version Lua 5.3
\pgfplots@luabackend@table=\catcodetable16
\t@pgfplots@toka=\toks44
\t@pgfplots@tokb=\toks45
\t@pgfplots@tokc=\toks46
\pgfplots@tmpa=\dimen396
\c@pgfplots@coordindex=\count415
\c@pgfplots@scanlineindex=\count416

(d:/Programs/LaTeX/TeXLive/2025/texmf-dist/tex/generic/pgfplots/sys/pgfplotssys
generic.code.tex))
(d:/Programs/LaTeX/TeXLive/2025/texmf-dist/tex/generic/pgfplots/libs/pgfplotsli
brary.code.tex)
(d:/Programs/LaTeX/TeXLive/2025/texmf-dist/tex/generic/pgfplots/oldpgfcompatib/
pgfplotsoldpgfsupp_loader.code.tex
(d:/Programs/LaTeX/TeXLive/2025/texmf-dist/tex/generic/pgf/libraries/pgflibrary
fpu.code.tex)
Package pgfplots: loading complementary utilities for your pgf version...
\t@pgf@toka=\toks47
\t@pgf@tokb=\toks48
\t@pgf@tokc=\toks49

(d:/Programs/LaTeX/TeXLive/2025/texmf-dist/tex/generic/pgfplots/oldpgfcompatib/
pgfplotsoldpgfsupp_pgfutil-common-lists.tex)
(d:/Programs/LaTeX/TeXLive/2025/texmf-dist/tex/generic/pgf/libraries/luamath/pg
flibraryluamath.code.tex)
Package pgfplots info on input line 290: luamath library shipped with pgf 3.1.1
0 is up-to-date
)
(d:/Programs/LaTeX/TeXLive/2025/texmf-dist/tex/generic/pgfplots/util/pgfplotsut
il.code.tex
Package pgfplots info on input line 82: Found new luatex: initializing lua comm
ands instead of write18 (shell-escape)

(d:/Programs/LaTeX/TeXLive/2025/texmf-dist/tex/generic/pgfplots/liststructure/p
gfplotsliststructure.code.tex)
(d:/Programs/LaTeX/TeXLive/2025/texmf-dist/tex/generic/pgfplots/liststructure/p
gfplotsliststructureext.code.tex)
(d:/Programs/LaTeX/TeXLive/2025/texmf-dist/tex/generic/pgfplots/liststructure/p
gfplotsarray.code.tex
\c@pgfplotsarray@tmp=\count417
)
(d:/Programs/LaTeX/TeXLive/2025/texmf-dist/tex/generic/pgfplots/liststructure/p
gfplotsmatrix.code.tex)
(d:/Programs/LaTeX/TeXLive/2025/texmf-dist/tex/generic/pgfplots/numtable/pgfplo
tstableshared.code.tex
\c@pgfplotstable@counta=\count418
\t@pgfplotstable@a=\toks50
)
(d:/Programs/LaTeX/TeXLive/2025/texmf-dist/tex/generic/pgfplots/liststructure/p
gfplotsdeque.code.tex)
(d:/Programs/LaTeX/TeXLive/2025/texmf-dist/tex/generic/pgfplots/util/pgfplotsbi
nary.code.tex
(d:/Programs/LaTeX/TeXLive/2025/texmf-dist/tex/generic/pgfplots/util/pgfplotsbi
nary.data.code.tex))
(d:/Programs/LaTeX/TeXLive/2025/texmf-dist/tex/generic/pgfplots/util/pgfplotsut
il.verb.code.tex)
(d:/Programs/LaTeX/TeXLive/2025/texmf-dist/tex/generic/pgfplots/libs/pgflibrary
pgfplots.surfshading.code.tex
\c@pgfplotslibrarysurf@no=\count419

(d:/Programs/LaTeX/TeXLive/2025/texmf-dist/tex/generic/pgfplots/sys/pgflibraryp
gfplots.surfshading.pgfsys-luatex.def)))
(d:/Programs/LaTeX/TeXLive/2025/texmf-dist/tex/generic/pgfplots/util/pgfplotsco
lormap.code.tex
(d:/Programs/LaTeX/TeXLive/2025/texmf-dist/tex/generic/pgfplots/util/pgfplotsco
lor.code.tex))
(d:/Programs/LaTeX/TeXLive/2025/texmf-dist/tex/generic/pgfplots/pgfplotsstacked
plots.code.tex)
(d:/Programs/LaTeX/TeXLive/2025/texmf-dist/tex/generic/pgfplots/pgfplotsplothan
dlers.code.tex
(d:/Programs/LaTeX/TeXLive/2025/texmf-dist/tex/generic/pgfplots/pgfplotsmeshplo
thandler.code.tex
(d:/Programs/LaTeX/TeXLive/2025/texmf-dist/tex/generic/pgfplots/pgfplotsmeshplo
timage.code.tex)))
(d:/Programs/LaTeX/TeXLive/2025/texmf-dist/tex/generic/pgfplots/pgfplots.scalin
g.code.tex)
(d:/Programs/LaTeX/TeXLive/2025/texmf-dist/tex/generic/pgfplots/pgfplotscoordpr
ocessing.code.tex)
(d:/Programs/LaTeX/TeXLive/2025/texmf-dist/tex/generic/pgfplots/pgfplots.errorb
ars.code.tex)
(d:/Programs/LaTeX/TeXLive/2025/texmf-dist/tex/generic/pgfplots/pgfplots.marker
s.code.tex)
(d:/Programs/LaTeX/TeXLive/2025/texmf-dist/tex/generic/pgfplots/pgfplotsticks.c
ode.tex)
(d:/Programs/LaTeX/TeXLive/2025/texmf-dist/tex/generic/pgfplots/pgfplots.paths.
code.tex)
(d:/Programs/LaTeX/TeXLive/2025/texmf-dist/tex/generic/pgf/frontendlayer/tikz/l
ibraries/tikzlibrarydecorations.code.tex
(d:/Programs/LaTeX/TeXLive/2025/texmf-dist/tex/generic/pgf/modules/pgfmoduledec
orations.code.tex
\pgfdecoratedcompleteddistance=\dimen397
\pgfdecoratedremainingdistance=\dimen398
\pgfdecoratedinputsegmentcompleteddistance=\dimen399
\pgfdecoratedinputsegmentremainingdistance=\dimen400
\pgf@decorate@distancetomove=\dimen401
\pgf@decorate@repeatstate=\count420
\pgfdecorationsegmentamplitude=\dimen402
\pgfdecorationsegmentlength=\dimen403
)
\tikz@lib@dec@box=\box132
)
(d:/Programs/LaTeX/TeXLive/2025/texmf-dist/tex/generic/pgf/frontendlayer/tikz/l
ibraries/tikzlibrarydecorations.pathmorphing.code.tex
(d:/Programs/LaTeX/TeXLive/2025/texmf-dist/tex/generic/pgf/libraries/decoration
s/pgflibrarydecorations.pathmorphing.code.tex))
(d:/Programs/LaTeX/TeXLive/2025/texmf-dist/tex/generic/pgf/frontendlayer/tikz/l
ibraries/tikzlibrarydecorations.pathreplacing.code.tex
(d:/Programs/LaTeX/TeXLive/2025/texmf-dist/tex/generic/pgf/libraries/decoration
s/pgflibrarydecorations.pathreplacing.code.tex))
(d:/Programs/LaTeX/TeXLive/2025/texmf-dist/tex/generic/pgfplots/libs/tikzlibrar
ypgfplots.contourlua.code.tex)
\pgfplots@numplots=\count421
\pgfplots@xmin@reg=\dimen404
\pgfplots@xmax@reg=\dimen405
\pgfplots@ymin@reg=\dimen406
\pgfplots@ymax@reg=\dimen407
\pgfplots@zmin@reg=\dimen408
\pgfplots@zmax@reg=\dimen409
)
(d:/Programs/LaTeX/TeXLive/2025/texmf-dist/tex/generic/pgf/frontendlayer/tikz/l
ibraries/tikzlibraryplotmarks.code.tex
File: tikzlibraryplotmarks.code.tex 2023-01-15 v3.1.10 (3.1.10)

(d:/Programs/LaTeX/TeXLive/2025/texmf-dist/tex/generic/pgf/libraries/pgflibrary
plotmarks.code.tex
File: pgflibraryplotmarks.code.tex 2023-01-15 v3.1.10 (3.1.10)
)))
(d:/Programs/LaTeX/TeXLive/2025/texmf-dist/tex/latex/tikz-3dplot/tikz-3dplot.st
y
(d:/Programs/LaTeX/TeXLive/2025/texmf-dist/tex/generic/pgf/frontendlayer/tikz/l
ibraries/tikzlibrarycalc.code.tex
File: tikzlibrarycalc.code.tex 2023-01-15 v3.1.10 (3.1.10)
)
(d:/Programs/LaTeX/TeXLive/2025/texmf-dist/tex/generic/pgf/frontendlayer/tikz/l
ibraries/tikzlibrary3d.code.tex
File: tikzlibrary3d.code.tex 2023-01-15 v3.1.10 (3.1.10)
)
(d:/Programs/LaTeX/TeXLive/2025/texmf-dist/tex/generic/pgf/frontendlayer/tikz/l
ibraries/tikzlibraryarrows.code.tex
File: tikzlibraryarrows.code.tex 2023-01-15 v3.1.10 (3.1.10)

(d:/Programs/LaTeX/TeXLive/2025/texmf-dist/tex/generic/pgf/libraries/pgflibrary
arrows.code.tex
File: pgflibraryarrows.code.tex 2023-01-15 v3.1.10 (3.1.10)
\arrowsize=\dimen410
)))
(d:/Programs/LaTeX/TeXLive/2025/texmf-dist/tex/latex/contour/contour.sty
Package: contour 2004/11/18 v2.14 Print contoured text (HH, MH)
\con@length=\skip86

Loading configuration file `contour.cfg'.
(d:/Programs/LaTeX/TeXLive/2025/texmf-dist/tex/latex/contour/contour.cfg
File: contour.cfg 2004/11/18 v2.14 Print contoured text (HH, MH)
)
contour: Using driver file `pdftex.cnt'.
(d:/Programs/LaTeX/TeXLive/2025/texmf-dist/tex/latex/contour/pdftex.cnt
File: pdftex.cnt 2004/11/18 v2.14 Print contoured text (HH, MH)
))
(d:/Programs/LaTeX/TeXLive/2025/texmf-dist/tex/latex/physics/physics.sty
Package: physics 
)
(d:/Programs/LaTeX/TeXLive/2025/texmf-dist/tex/generic/pgf/frontendlayer/tikz/l
ibraries/tikzlibrarybabel.code.tex
File: tikzlibrarybabel.code.tex 2023-01-15 v3.1.10 (3.1.10)
)
(d:/Programs/LaTeX/TeXLive/2025/texmf-dist/tex/generic/pgf/frontendlayer/tikz/l
ibraries/tikzlibrarydecorations.text.code.tex
(d:/Programs/LaTeX/TeXLive/2025/texmf-dist/tex/generic/pgf/libraries/decoration
s/pgflibrarydecorations.text.code.tex
\pgf@lib@dec@text@box=\box133
)
\tikz@lib@dec@te@box=\box134
)
(d:/Programs/LaTeX/TeXLive/2025/texmf-dist/tex/generic/pgf/frontendlayer/tikz/l
ibraries/tikzlibrarydecorations.markings.code.tex
(d:/Programs/LaTeX/TeXLive/2025/texmf-dist/tex/generic/pgf/libraries/decoration
s/pgflibrarydecorations.markings.code.tex))
(d:/Programs/LaTeX/TeXLive/2025/texmf-dist/tex/generic/pgf/frontendlayer/tikz/l
ibraries/tikzlibraryintersections.code.tex
(d:/Programs/LaTeX/TeXLive/2025/texmf-dist/tex/generic/pgf/libraries/pgflibrary
intersections.code.tex
\pgf@intersect@solutions=\count422
))
(d:/Programs/LaTeX/TeXLive/2025/texmf-dist/tex/generic/pgf/libraries/pgflibrary
arrows.meta.code.tex
File: pgflibraryarrows.meta.code.tex 2023-01-15 v3.1.10 (3.1.10)
\pgfarrowinset=\dimen411
\pgfarrowlength=\dimen412
\pgfarrowwidth=\dimen413
\pgfarrowlinewidth=\dimen414
)
(d:/Programs/LaTeX/TeXLive/2025/texmf-dist/tex/generic/pgf/frontendlayer/tikz/l
ibraries/tikzlibraryshapes.code.tex
File: tikzlibraryshapes.code.tex 2023-01-15 v3.1.10 (3.1.10)

(d:/Programs/LaTeX/TeXLive/2025/texmf-dist/tex/generic/pgf/frontendlayer/tikz/l
ibraries/tikzlibraryshapes.geometric.code.tex
File: tikzlibraryshapes.geometric.code.tex 2023-01-15 v3.1.10 (3.1.10)

(d:/Programs/LaTeX/TeXLive/2025/texmf-dist/tex/generic/pgf/libraries/shapes/pgf
libraryshapes.geometric.code.tex
File: pgflibraryshapes.geometric.code.tex 2023-01-15 v3.1.10 (3.1.10)
))
(d:/Programs/LaTeX/TeXLive/2025/texmf-dist/tex/generic/pgf/frontendlayer/tikz/l
ibraries/tikzlibraryshapes.misc.code.tex
File: tikzlibraryshapes.misc.code.tex 2023-01-15 v3.1.10 (3.1.10)

(d:/Programs/LaTeX/TeXLive/2025/texmf-dist/tex/generic/pgf/libraries/shapes/pgf
libraryshapes.misc.code.tex
File: pgflibraryshapes.misc.code.tex 2023-01-15 v3.1.10 (3.1.10)
))
(d:/Programs/LaTeX/TeXLive/2025/texmf-dist/tex/generic/pgf/frontendlayer/tikz/l
ibraries/tikzlibraryshapes.symbols.code.tex
File: tikzlibraryshapes.symbols.code.tex 2023-01-15 v3.1.10 (3.1.10)

(d:/Programs/LaTeX/TeXLive/2025/texmf-dist/tex/generic/pgf/libraries/shapes/pgf
libraryshapes.symbols.code.tex
File: pgflibraryshapes.symbols.code.tex 2023-01-15 v3.1.10 (3.1.10)
))
(d:/Programs/LaTeX/TeXLive/2025/texmf-dist/tex/generic/pgf/frontendlayer/tikz/l
ibraries/tikzlibraryshapes.arrows.code.tex
File: tikzlibraryshapes.arrows.code.tex 2023-01-15 v3.1.10 (3.1.10)

(d:/Programs/LaTeX/TeXLive/2025/texmf-dist/tex/generic/pgf/libraries/shapes/pgf
libraryshapes.arrows.code.tex
File: pgflibraryshapes.arrows.code.tex 2023-01-15 v3.1.10 (3.1.10)
))
(d:/Programs/LaTeX/TeXLive/2025/texmf-dist/tex/generic/pgf/frontendlayer/tikz/l
ibraries/tikzlibraryshapes.callouts.code.tex
(d:/Programs/LaTeX/TeXLive/2025/texmf-dist/tex/generic/pgf/libraries/shapes/pgf
libraryshapes.callouts.code.tex))
(d:/Programs/LaTeX/TeXLive/2025/texmf-dist/tex/generic/pgf/frontendlayer/tikz/l
ibraries/tikzlibraryshapes.multipart.code.tex
File: tikzlibraryshapes.multipart.code.tex 2023-01-15 v3.1.10 (3.1.10)

(d:/Programs/LaTeX/TeXLive/2025/texmf-dist/tex/generic/pgf/libraries/shapes/pgf
libraryshapes.multipart.code.tex
File: pgflibraryshapes.multipart.code.tex 2023-01-15 v3.1.10 (3.1.10)
\pgfnodepartlowerbox=\box135
\pgfnodeparttwobox=\box136
\pgfnodepartthreebox=\box137
\pgfnodepartfourbox=\box138
\pgfnodeparttwentybox=\box139
\pgfnodepartnineteenbox=\box140
\pgfnodeparteighteenbox=\box141
\pgfnodepartseventeenbox=\box142
\pgfnodepartsixteenbox=\box143
\pgfnodepartfifteenbox=\box144
\pgfnodepartfourteenbox=\box145
\pgfnodepartthirteenbox=\box146
\pgfnodeparttwelvebox=\box147
\pgfnodepartelevenbox=\box148
\pgfnodeparttenbox=\box149
\pgfnodepartninebox=\box150
\pgfnodeparteightbox=\box151
\pgfnodepartsevenbox=\box152
\pgfnodepartsixbox=\box153
\pgfnodepartfivebox=\box154
)))
(d:/Programs/LaTeX/TeXLive/2025/texmf-dist/tex/generic/pgf/frontendlayer/tikz/l
ibraries/tikzlibraryshadows.code.tex
File: tikzlibraryshadows.code.tex 2023-01-15 v3.1.10 (3.1.10)
)
(d:/Programs/LaTeX/TeXLive/2025/texmf-dist/tex/generic/pgf/frontendlayer/tikz/l
ibraries/tikzlibraryangles.code.tex
File: tikzlibraryangles.code.tex 2023-01-15 v3.1.10 (3.1.10)
)
(d:/Programs/LaTeX/TeXLive/2025/texmf-dist/tex/generic/pgf/frontendlayer/tikz/l
ibraries/tikzlibraryquotes.code.tex
File: tikzlibraryquotes.code.tex 2023-01-15 v3.1.10 (3.1.10)
)
(d:/Programs/LaTeX/TeXLive/2025/texmf-dist/tex/generic/pgf/frontendlayer/tikz/l
ibraries/tikzlibrarysnakes.code.tex
File: tikzlibrarysnakes.code.tex 2023-01-15 v3.1.10 (3.1.10)


Package pgf Warning: Snakes have been superseded by decorations. Please use the
 decoration libraries instead of the snakes library on input line 14.


(d:/Programs/LaTeX/TeXLive/2025/texmf-dist/tex/generic/pgf/frontendlayer/tikz/l
ibraries/tikzlibrarydecorations.shapes.code.tex
(d:/Programs/LaTeX/TeXLive/2025/texmf-dist/tex/generic/pgf/libraries/decoration
s/pgflibrarydecorations.shapes.code.tex)))
\pgf@layerbox@bg=\box155
\pgf@layerboxsaved@bg=\box156
\pgf@layerbox@layer1=\box157
\pgf@layerboxsaved@layer1=\box158
\pgf@layerbox@layer2=\box159
\pgf@layerboxsaved@layer2=\box160
\pgf@layerbox@layer3=\box161
\pgf@layerboxsaved@layer3=\box162

(d:/Programs/LaTeX/TeXLive/2025/texmf-dist/tex/generic/pgfplots/libs/tikzlibrar
ypgfplots.fillbetween.code.tex
(d:/Programs/LaTeX/TeXLive/2025/texmf-dist/tex/generic/pgfplots/pgfcontrib/tikz
libraryfillbetween.code.tex
(d:/Programs/LaTeX/TeXLive/2025/texmf-dist/tex/generic/pgfplots/pgfcontrib/tikz
librarydecorations.softclip.code.tex
(d:/Programs/LaTeX/TeXLive/2025/texmf-dist/tex/generic/pgfplots/pgfcontrib/pgfl
ibraryfillbetween.code.tex)))
(d:/Programs/LaTeX/TeXLive/2025/texmf-dist/tex/generic/pgfplots/libs/tikzlibrar
ypgfplots.decorations.softclip.code.tex))
(d:/Programs/LaTeX/TeXLive/2025/texmf-dist/tex/generic/pgf/frontendlayer/tikz/l
ibraries/tikzlibrarypatterns.code.tex
File: tikzlibrarypatterns.code.tex 2023-01-15 v3.1.10 (3.1.10)

(d:/Programs/LaTeX/TeXLive/2025/texmf-dist/tex/generic/pgf/libraries/pgflibrary
patterns.code.tex
File: pgflibrarypatterns.code.tex 2023-01-15 v3.1.10 (3.1.10)
)))
(d:/Programs/LaTeX/TeXLive/2025/texmf-dist/tex/latex/epigraph/epigraph.sty
Package: epigraph 2020/01/02 v1.5e typesetting epigraphs

(d:/Programs/LaTeX/TeXLive/2025/texmf-dist/tex/latex/nextpage/nextpage.sty
Package: nextpage 2009/09/03 v1.1a additional page commands
)
\beforeepigraphskip=\skip87
\afterepigraphskip=\skip88
\epigraphwidth=\skip89
\epigraphrule=\skip90
)
(d:/Programs/LaTeX/TeXLive/2025/texmf-dist/tex/latex/lastpage/lastpage.sty
Package: lastpage 2025/01/27 v2.1e lastpage: 2.09 or 2e? (HMM)

(d:/Programs/LaTeX/TeXLive/2025/texmf-dist/tex/latex/lastpage/lastpage2e.sty
Package: lastpage2e 2025/01/27 v2.1e Decide which 2e lastpage version to use (H
MM)

(d:/Programs/LaTeX/TeXLive/2025/texmf-dist/tex/latex/lastpage/lastpagemodern.st
y
Package: lastpagemodern 2025-01-27 v2.1e Refers to last page's name (HMM; JPG)
\c@lastpagecount=\count423
) 
)) (d:/Programs/LaTeX/TeXLive/2025/texmf-dist/tex/latex/refcount/refcount.sty
Package: refcount 2019/12/15 v3.6 Data extraction from label references (HO)
)
(d:/Programs/LaTeX/TeXLive/2025/texmf-dist/tex/latex/todonotes/todonotes.sty
Package: todonotes 2024/01/05 v1.1.7 Todonotes source and documentation.
Package: todonotes 2024/01/05

(d:/Programs/LaTeX/TeXLive/2025/texmf-dist/tex/latex/xkeyval/xkeyval.sty
Package: xkeyval 2022/06/16 v2.9 package option processing (HA)

(d:/Programs/LaTeX/TeXLive/2025/texmf-dist/tex/generic/xkeyval/xkeyval.tex
(d:/Programs/LaTeX/TeXLive/2025/texmf-dist/tex/generic/xkeyval/xkvutils.tex
\XKV@toks=\toks51
\XKV@tempa@toks=\toks52
)
\XKV@depth=\count424
File: xkeyval.tex 2014/12/03 v2.7a key=value parser (HA)
))
(d:/Programs/LaTeX/TeXLive/2025/texmf-dist/tex/generic/pgf/frontendlayer/tikz/l
ibraries/tikzlibrarypositioning.code.tex
File: tikzlibrarypositioning.code.tex 2023-01-15 v3.1.10 (3.1.10)
)
\c@@todonotes@numberoftodonotes=\count425
)
(d:/Programs/LaTeX/TeXLive/2025/texmf-dist/tex/generic/pdftexcmds/pdftexcmds.st
y
Package: pdftexcmds 2020-06-27 v0.33 Utility functions of pdfTeX for LuaTeX (HO
)
Package pdftexcmds Info: \pdf@primitive is available.
Package pdftexcmds Info: \pdf@ifprimitive is available.
Package pdftexcmds Info: \pdfdraftmode found.
\pdftexcmds@toks=\toks53
) (d:/Programs/LaTeX/TeXLive/2025/texmf-dist/tex/latex/titlesec/titlesec.sty
Package: titlesec 2025/01/04 v2.17 Sectioning titles
\ttl@box=\box163
\beforetitleunit=\skip91
\aftertitleunit=\skip92
\ttl@plus=\dimen415
\ttl@minus=\dimen416
\ttl@toksa=\toks54
\titlewidth=\dimen417
\titlewidthlast=\dimen418
\titlewidthfirst=\dimen419

(d:/Programs/LaTeX/TeXLive/2025/texmf-dist/tex/latex/titlesec/titleps.sty))
(d:/Programs/LaTeX/TeXLive/2025/texmf-dist/tex/latex/titlesec/titletoc.sty
Package: titletoc 2025/01/04 v2.17 TOC entries
\ttl@leftsep=\dimen420
)
\chapnumb=\skip93
\c@ttlp@side=\count426
\ttlp@side=\count427

(d:/Programs/LaTeX/TeXLive/2025/texmf-dist/tex/latex/enumitem/enumitem.sty
Package: enumitem 2025/02/06 v3.11 Customized lists
\labelindent=\skip94
\enit@outerparindent=\dimen421
\enit@toks=\toks55
\enit@inbox=\box164
\enit@count@id=\count428
\enitdp@description=\count429
)
\bibitemsep=\skip95
\bibparskip=\skip96

(d:/Programs/LaTeX/TeXLive/2025/texmf-dist/tex/latex/hyperref/hyperref.sty
Package: hyperref 2024-11-05 v7.01l Hypertext links for LaTeX

(d:/Programs/LaTeX/TeXLive/2025/texmf-dist/tex/generic/kvdefinekeys/kvdefinekey
s.sty
Package: kvdefinekeys 2019-12-19 v1.6 Define keys (HO)
)
(d:/Programs/LaTeX/TeXLive/2025/texmf-dist/tex/generic/pdfescape/pdfescape.sty
Package: pdfescape 2019/12/09 v1.15 Implements pdfTeX's escape features (HO)
) (d:/Programs/LaTeX/TeXLive/2025/texmf-dist/tex/latex/hycolor/hycolor.sty
Package: hycolor 2020-01-27 v1.10 Color options for hyperref/bookmark (HO)
)
(d:/Programs/LaTeX/TeXLive/2025/texmf-dist/tex/latex/hyperref/nameref.sty
Package: nameref 2023-11-26 v2.56 Cross-referencing by name of section

(d:/Programs/LaTeX/TeXLive/2025/texmf-dist/tex/generic/gettitlestring/gettitles
tring.sty
Package: gettitlestring 2019/12/15 v1.6 Cleanup title references (HO)
)
\c@section@level=\count430
)
(d:/Programs/LaTeX/TeXLive/2025/texmf-dist/tex/generic/stringenc/stringenc.sty
Package: stringenc 2019/11/29 v1.12 Convert strings between diff. encodings (HO
)
)
\@linkdim=\dimen422
\Hy@linkcounter=\count431
\Hy@pagecounter=\count432
(d:/Programs/LaTeX/TeXLive/2025/texmf-dist/tex/latex/hyperref/pd1enc.def
File: pd1enc.def 2024-11-05 v7.01l Hyperref: PDFDocEncoding definition (HO)
)
(d:/Programs/LaTeX/TeXLive/2025/texmf-dist/tex/generic/intcalc/intcalc.sty
Package: intcalc 2019/12/15 v1.3 Expandable calculations with integers (HO)
)
\Hy@SavedSpaceFactor=\count433

(d:/Programs/LaTeX/TeXLive/2025/texmf-dist/tex/latex/hyperref/puenc.def
File: puenc.def 2024-11-05 v7.01l Hyperref: PDF Unicode definition (HO)
)
Package hyperref Info: Option `unicode' set `true' on input line 3143.
Package hyperref Info: Option `colorlinks' set `true' on input line 4040.
Package hyperref Info: Option `bookmarks' set `true' on input line 4040.
Package hyperref Info: Option `bookmarksnumbered' set `true' on input line 4040
.
Package hyperref Info: Option `unicode' set `true' on input line 4040.
Package hyperref Info: Option `linktocpage' set `true' on input line 4040.
Package hyperref Info: Option `hypertexnames' set `false' on input line 4040.
Package hyperref Info: Option `pdftoolbar' set `false' on input line 4040.
Package hyperref Info: Option `pdfdisplaydoctitle' set `false' on input line 40
40.
Package hyperref Info: Option `unicode' set `true' on input line 4040.
Package hyperref Info: Hyper figures OFF on input line 4157.
Package hyperref Info: Link nesting OFF on input line 4162.
Package hyperref Info: Hyper index ON on input line 4165.
Package hyperref Info: Plain pages OFF on input line 4172.
Package hyperref Info: Backreferencing OFF on input line 4177.
Package hyperref Info: Implicit mode ON; LaTeX internals redefined.
Package hyperref Info: Bookmarks ON on input line 4424.
\c@Hy@tempcnt=\count434

(d:/Programs/LaTeX/TeXLive/2025/texmf-dist/tex/latex/url/url.sty
\Urlmuskip=\muskip19
Package: url 2013/09/16  ver 3.4  Verb mode for urls, etc.
)
LaTeX Info: Redefining \url on input line 4763.
\XeTeXLinkMargin=\dimen423

(d:/Programs/LaTeX/TeXLive/2025/texmf-dist/tex/generic/bitset/bitset.sty
Package: bitset 2019/12/09 v1.3 Handle bit-vector datatype (HO)

(d:/Programs/LaTeX/TeXLive/2025/texmf-dist/tex/generic/bigintcalc/bigintcalc.st
y
Package: bigintcalc 2019/12/15 v1.5 Expandable calculations on big integers (HO
)
))
\Fld@menulength=\count435
\Field@Width=\dimen424
\Fld@charsize=\dimen425
Package hyperref Info: Hyper figures OFF on input line 6042.
Package hyperref Info: Link nesting OFF on input line 6047.
Package hyperref Info: Hyper index ON on input line 6050.
Package hyperref Info: backreferencing OFF on input line 6057.
Package hyperref Info: Link coloring ON on input line 6060.
Package hyperref Info: Link coloring with OCG OFF on input line 6067.
Package hyperref Info: PDF/A mode OFF on input line 6072.
 (d:/Programs/LaTeX/TeXLive/2025/texmf-dist/tex/latex/base/atbegshi-ltx.sty
Package: atbegshi-ltx 2021/01/10 v1.0c Emulation of the original atbegshi
package with kernel methods
)
\Hy@abspage=\count436
\c@Item=\count437
\c@Hfootnote=\count438
)
Package hyperref Info: Driver (autodetected): hluatex.
 (d:/Programs/LaTeX/TeXLive/2025/texmf-dist/tex/latex/hyperref/hluatex.def
File: hluatex.def 2024-11-05 v7.01l Hyperref driver for luaTeX

(d:/Programs/LaTeX/TeXLive/2025/texmf-dist/tex/latex/base/atveryend-ltx.sty
Package: atveryend-ltx 2020/08/19 v1.0a Emulation of the original atveryend pac
kage
with kernel methods
)
\Fld@listcount=\count439
\c@bookmark@seq@number=\count440

(d:/Programs/LaTeX/TeXLive/2025/texmf-dist/tex/latex/rerunfilecheck/rerunfilech
eck.sty
Package: rerunfilecheck 2022-07-10 v1.10 Rerun checks for auxiliary files (HO)

(d:/Programs/LaTeX/TeXLive/2025/texmf-dist/tex/generic/uniquecounter/uniquecoun
ter.sty
Package: uniquecounter 2019/12/15 v1.4 Provide unlimited unique counter (HO)
)
Package uniquecounter Info: New unique counter `rerunfilecheck' on input line 2
85.
)
\Hy@SectionHShift=\skip97
)
(d:/Programs/LaTeX/TeXLive/2025/texmf-dist/tex/latex/bookmark/bookmark.sty
Package: bookmark 2023-12-10 v1.31 PDF bookmarks (HO)

(d:/Programs/LaTeX/TeXLive/2025/texmf-dist/tex/latex/bookmark/bkm-pdftex.def
File: bkm-pdftex.def 2023-12-10 v1.31 bookmark driver for pdfTeX and luaTeX (HO
)
\BKM@id=\count441
))
(d:/Programs/LaTeX/TeXLive/2025/texmf-dist/tex/latex/biblatex/biblatex.sty
Package: biblatex 2024/03/21 v3.20 programmable bibliographies (PK/MW)

(d:/Programs/LaTeX/TeXLive/2025/texmf-dist/tex/latex/logreq/logreq.sty
Package: logreq 2010/08/04 v1.0 xml request logger
\lrq@indent=\count442

(d:/Programs/LaTeX/TeXLive/2025/texmf-dist/tex/latex/logreq/logreq.def
File: logreq.def 2010/08/04 v1.0 logreq spec v1.0
))
\c@tabx@nest=\count443
\c@listtotal=\count444
\c@listcount=\count445
\c@liststart=\count446
\c@liststop=\count447
\c@citecount=\count448
\c@citetotal=\count449
\c@multicitecount=\count450
\c@multicitetotal=\count451
\c@instcount=\count452
\c@maxnames=\count453
\c@minnames=\count454
\c@maxitems=\count455
\c@minitems=\count456
\c@citecounter=\count457
\c@maxcitecounter=\count458
\c@savedcitecounter=\count459
\c@uniquelist=\count460
\c@uniquename=\count461
\c@refsection=\count462
\c@refsegment=\count463
\c@maxextratitle=\count464
\c@maxextratitleyear=\count465
\c@maxextraname=\count466
\c@maxextradate=\count467
\c@maxextraalpha=\count468
\c@abbrvpenalty=\count469
\c@highnamepenalty=\count470
\c@lownamepenalty=\count471
\c@maxparens=\count472
\c@parenlevel=\count473
\blx@tempcnta=\count474
\blx@tempcntb=\count475
\blx@tempcntc=\count476
\c@blx@maxsection=\count477
\blx@maxsegment@0=\count478
\blx@notetype=\count479
\blx@parenlevel@text=\count480
\blx@parenlevel@foot=\count481
\blx@sectionciteorder@0=\count482
\blx@sectionciteorderinternal@0=\count483
\blx@entrysetcounter=\count484
\blx@biblioinstance=\count485
\labelnumberwidth=\skip98
\labelalphawidth=\skip99
\biblabelsep=\skip100
\bibnamesep=\skip101
\bibinitsep=\skip102
\bibparsep=\skip103
\bibhang=\skip104
\blx@bcfin=\read5
\blx@bcfout=\write4
\blx@langwohyphens=\language75
\c@mincomprange=\count486
\c@maxcomprange=\count487
\c@mincompwidth=\count488
Package biblatex Info: Trying to load biblatex default data model...
Package biblatex Info: ... file 'blx-dm.def' found.

(d:/Programs/LaTeX/TeXLive/2025/texmf-dist/tex/latex/biblatex/blx-dm.def
File: blx-dm.def 2024/03/21 v3.20 biblatex datamodel (PK/MW)
)
Package biblatex Info: Trying to load biblatex bibstyle data model...
Package biblatex Info: ... file 'gost-numeric.dbx' found.

(d:/Programs/LaTeX/TeXLive/2025/texmf-dist/tex/latex/biblatex-gost/gost-numeric
.dbx
File: gost-numeric.dbx 2023/04/25 v1.24 biblatex-gost data model
Package biblatex Info: Trying to load biblatex-gost data model...
Package biblatex Info: ... file 'biblatex-gost.dbx' found.

(d:/Programs/LaTeX/TeXLive/2025/texmf-dist/tex/latex/biblatex-gost/biblatex-gos
t.dbx
File: biblatex-gost.dbx 2023/04/25 v1.24 biblatex-gost data model
))
Package biblatex Info: Trying to load biblatex custom data model...
Package biblatex Info: ... file 'biblatex-dm.cfg' not found.
\c@afterword=\count489
\c@savedafterword=\count490
\c@annotator=\count491
\c@savedannotator=\count492
\c@author=\count493
\c@savedauthor=\count494
\c@bookauthor=\count495
\c@savedbookauthor=\count496
\c@commentator=\count497
\c@savedcommentator=\count498
\c@editor=\count499
\c@savededitor=\count500
\c@editora=\count501
\c@savededitora=\count502
\c@editorb=\count503
\c@savededitorb=\count504
\c@editorc=\count505
\c@savededitorc=\count506
\c@foreword=\count507
\c@savedforeword=\count508
\c@holder=\count509
\c@savedholder=\count510
\c@introduction=\count511
\c@savedintroduction=\count512
\c@namea=\count513
\c@savednamea=\count514
\c@nameb=\count515
\c@savednameb=\count516
\c@namec=\count517
\c@savednamec=\count518
\c@translator=\count519
\c@savedtranslator=\count520
\c@shortauthor=\count521
\c@savedshortauthor=\count522
\c@shorteditor=\count523
\c@savedshorteditor=\count524
\c@booktranslator=\count525
\c@savedbooktranslator=\count526
\c@bookcommentator=\count527
\c@savedbookcommentator=\count528
\c@bookannotator=\count529
\c@savedbookannotator=\count530
\c@bookintroduction=\count531
\c@savedbookintroduction=\count532
\c@bookforeword=\count533
\c@savedbookforeword=\count534
\c@bookafterword=\count535
\c@savedbookafterword=\count536
\c@labelname=\count537
\c@savedlabelname=\count538
\c@institution=\count539
\c@savedinstitution=\count540
\c@lista=\count541
\c@savedlista=\count542
\c@listb=\count543
\c@savedlistb=\count544
\c@listc=\count545
\c@savedlistc=\count546
\c@listd=\count547
\c@savedlistd=\count548
\c@liste=\count549
\c@savedliste=\count550
\c@listf=\count551
\c@savedlistf=\count552
\c@location=\count553
\c@savedlocation=\count554
\c@organization=\count555
\c@savedorganization=\count556
\c@origlocation=\count557
\c@savedoriglocation=\count558
\c@origpublisher=\count559
\c@savedorigpublisher=\count560
\c@publisher=\count561
\c@savedpublisher=\count562
\c@language=\count563
\c@savedlanguage=\count564
\c@origlanguage=\count565
\c@savedoriglanguage=\count566
\c@bookoriglanguage=\count567
\c@savedbookoriglanguage=\count568
\c@specdata=\count569
\c@savedspecdata=\count570
\c@credits=\count571
\c@savedcredits=\count572
\c@bookcredits=\count573
\c@savedbookcredits=\count574
\c@editioncredits=\count575
\c@savededitioncredits=\count576
\c@pageref=\count577
\c@savedpageref=\count578
\shorthandwidth=\skip105
\shortjournalwidth=\skip106
\shortserieswidth=\skip107
\shorttitlewidth=\skip108
\shortauthorwidth=\skip109
\shorteditorwidth=\skip110
\locallabelnumberwidth=\skip111
\locallabelalphawidth=\skip112
\localshorthandwidth=\skip113
\localshortjournalwidth=\skip114
\localshortserieswidth=\skip115
\localshorttitlewidth=\skip116
\localshortauthorwidth=\skip117
\localshorteditorwidth=\skip118
Package biblatex Info: Trying to load enhanced support for Unicode engines...
Package biblatex Info: ... file 'blx-unicode.def' found.

(d:/Programs/LaTeX/TeXLive/2025/texmf-dist/tex/latex/biblatex/blx-unicode.def)
Package biblatex Info: Trying to load compatibility code...
Package biblatex Info: ... file 'blx-compat.def' found.

(d:/Programs/LaTeX/TeXLive/2025/texmf-dist/tex/latex/biblatex/blx-compat.def
File: blx-compat.def 2024/03/21 v3.20 biblatex compatibility (PK/MW)
)
Package biblatex Info: Trying to load generic definitions...
Package biblatex Info: ... file 'biblatex.def' found.

(d:/Programs/LaTeX/TeXLive/2025/texmf-dist/tex/latex/biblatex/biblatex.def
File: biblatex.def 2024/03/21 v3.20 biblatex compatibility (PK/MW)
\c@textcitecount=\count579
\c@textcitetotal=\count580
\c@textcitemaxnames=\count581
\c@biburlbigbreakpenalty=\count582
\c@biburlbreakpenalty=\count583
\c@biburlnumpenalty=\count584
\c@biburlucpenalty=\count585
\c@biburllcpenalty=\count586
\biburlbigskip=\muskip20
\biburlnumskip=\muskip21
\biburlucskip=\muskip22
\biburllcskip=\muskip23
\c@smartand=\count587
)
Package biblatex Info: Trying to load bibliography style 'gost-numeric'...
Package biblatex Info: ... file 'gost-numeric.bbx' found.

(d:/Programs/LaTeX/TeXLive/2025/texmf-dist/tex/latex/biblatex-gost/gost-numeric
.bbx
File: gost-numeric.bbx 2023/04/25 v1.24 biblatex-gost styles
Package biblatex Info: Trying to load bibliography style 'gost-standard'...
Package biblatex Info: ... file 'gost-standard.bbx' found.

(d:/Programs/LaTeX/TeXLive/2025/texmf-dist/tex/latex/biblatex-gost/gost-standar
d.bbx
File: gost-standard.bbx 2023/04/25 v1.24 biblatex-gost styles
Package biblatex Info: Trying to load biblatex-gost generic definitions...
Package biblatex Info: ... file 'biblatex-gost.def' found.

(d:/Programs/LaTeX/TeXLive/2025/texmf-dist/tex/latex/biblatex-gost/biblatex-gos
t.def
File: biblatex-gost.def 2023/04/25 v1.24 biblatex-gost styles
)
\c@blx@gost@pointer=\count588
\c@bbx:relatedcount=\count589
\c@bbx:relatedtotal=\count590
Package biblatex Info: Redefining autocite command 'footnote'.
Package biblatex Info: Redefining autocite command 'superscript'.
))
Package biblatex Info: Trying to load citation style 'numeric'...
Package biblatex Info: ... file 'numeric.cbx' found.

(d:/Programs/LaTeX/TeXLive/2025/texmf-dist/tex/latex/biblatex/cbx/numeric.cbx
File: numeric.cbx 2024/03/21 v3.20 biblatex citation style (PK/MW)
Package biblatex Info: Redefining '\cite'.
Package biblatex Info: Redefining '\parencite'.
Package biblatex Info: Redefining '\footcite'.
Package biblatex Info: Redefining '\footcitetext'.
Package biblatex Info: Redefining '\smartcite'.
Package biblatex Info: Redefining '\supercite'.
Package biblatex Info: Redefining '\textcite'.
Package biblatex Info: Redefining '\textcites'.
Package biblatex Info: Redefining '\cites'.
Package biblatex Info: Redefining '\parencites'.
Package biblatex Info: Redefining '\smartcites'.
)
Package biblatex Info: Trying to load configuration file...
Package biblatex Info: ... file 'biblatex.cfg' found.

(d:/Programs/LaTeX/TeXLive/2025/texmf-dist/tex/latex/biblatex/biblatex.cfg
File: biblatex.cfg 
)

Package biblatex Warning: 'babel' option is deprecated.
(biblatex)                Please use 'autolang' instead.

Package biblatex Info: LuaTeX detected.
(biblatex)             Assuming input encoding 'utf8'.
Package biblatex Info: Document encoding is UTF8 ....
Package biblatex Info: ... and expl3
(biblatex)             2025-01-18 L3 programming layer (loader) 
(biblatex)             is new enough (at least 2020/04/06),
(biblatex)             setting 'casechanger=expl3'.

(d:/Programs/LaTeX/TeXLive/2025/texmf-dist/tex/latex/biblatex/blx-case-expl3.st
y
Package: blx-case-expl3 2024/03/21 v3.20 expl3 case changing code for biblatex
))

Package biblatex-gost Warning: You set maxbibnames or maxcitenames
(biblatex-gost)                different from their default value 3.
(biblatex-gost)                Make sure that sorting works as expected.

(d:/Programs/LaTeX/TeXLive/2025/texmf-dist/tex/latex/csquotes/csquotes.sty
Package: csquotes 2024-04-04 v5.2o context-sensitive quotations (JAW)
\csq@reset=\count591
\csq@gtype=\count592
\csq@glevel=\count593
\csq@qlevel=\count594
\csq@maxlvl=\count595
\csq@tshold=\count596
\csq@ltx@everypar=\toks56

(d:/Programs/LaTeX/TeXLive/2025/texmf-dist/tex/latex/csquotes/csquotes.def
File: csquotes.def 2024-04-04 v5.2o csquotes generic definitions (JAW)
)
Package csquotes Info: Trying to load configuration file 'csquotes.cfg'...
Package csquotes Info: ... configuration file loaded successfully.

(d:/Programs/LaTeX/TeXLive/2025/texmf-dist/tex/latex/csquotes/csquotes.cfg
File: csquotes.cfg 
))
\c@example=\count597
\lsize=\skip119
\msize=\skip120
\c@tcb@cnt@example=\count598
\c@savedeq=\count599
\c@tcb@cnt@solutionexample=\count600

(d:/Programs/LaTeX/TeXLive/2025/texmf-dist/tex/latex/ntheorem/ntheorem.sty
Style `ntheorem', Version 1.33 <2011/08/15>
Package: ntheorem 2011/08/15 1.33
\theorem@style=\toks57
\theorem@@style=\toks58
\theorembodyfont=\toks59
\theoremnumbering=\toks60
\theorempreskipamount=\skip121
\theorempostskipamount=\skip122
\theoremframepreskipamount=\skip123
\theoremframepostskipamount=\skip124
\theoreminframepreskipamount=\skip125
\theoreminframepostskipamount=\skip126
\theorem@preskip=\toks61
\theorem@postskip=\toks62
\theorem@framepreskip=\toks63
\theorem@framepostskip=\toks64
\theorem@inframepreskip=\toks65
\theorem@inframepostskip=\toks66
\theoremindent=\dimen426
\theorem@indent=\dimen427
\theoremrightindent=\dimen428
\theorem@rightindent=\dimen429
\theoremheaderfont=\toks67
\theoremseparator=\toks68
\theoremprework=\toks69
\theorempostwork=\toks70
\theoremsymbol=\toks71
\qedsymbol=\toks72
\theoremkeyword=\toks73
\qedsymbol=\toks74
\thm@topsep=\skip127
\thm@topsepadd=\skip128
) (d:/Programs/LaTeX/TeXLive/2025/texmf-dist/tex/latex/answers/answers.sty
Package: answers 2014/08/24 v2.16 Production of solution sheets in LaTeX2e
)
(d:/Programs/LaTeX/TeXLive/2025/texmf-dist/tex/latex/xassoccnt/xassoccnt.sty
Package: xassoccnt 2021/11/21 - v2.0

(d:/Programs/LaTeX/TeXLive/2025/texmf-dist/tex/latex/letltxmacro/letltxmacro.st
y
Package: letltxmacro 2019/12/03 v1.6 Let assignment for LaTeX macros (HO)
)
\g__xassoccnt_tmpa_int=\count601
\l__xassoccnt_tmpa_int=\count602
\l__xassoccnt_initialcountervalue_int=\count603
\g__xassoccnt_lastcountervalue_int=\count604
\g__xassoccnt_backupcalls_int=\count605
\l__xassoccnt_backuptmpa_int=\count606
\l_xassoccnt_resetlist_counter=\count607
)
Package xassoccnt Info: 2021/11/21-v2.0--steppingcounterssimultaneouslyandother
features on input line 796.


Package xassoccnt Warning: Warning: Package "calc" is loaded -- this is not
(xassoccnt)                recommended for xassoccnt
(xassoccnt)                

\c@totalproblems=\count608
\c@xassoccnt@total@totalproblems=\count609
\c@problem=\count610
\c@Solution=\count611
(d:/Programs/LaTeX/TeXLive/2025/texmf-dist/tex/generic/insbox/insbox.tex
\@InsertBoxMargin=\dimen430
\@numlines=\count612
\@linesleft=\count613
\@boxcontent=\box165
\@numnormal=\count614
\@framewidth=\dimen431
\@wherebottom=\dimen432
))
(./CoverPage.tex)
Package csquotes Info: Checking for multilingual support...
Package csquotes Info: ... found 'babel' package.
Package csquotes Info: Adjusting default style.
Package csquotes Info: Redefining alias 'default' -> 'ukrainian'.
 (./Thermod.aux
Package babel Info: 'ukrainian' activates 'ukrainian' shorthands.
(babel)             Reported  on input line 11.
 (./intro.aux))
\openout1 = Thermod.aux

LaTeX Font Info:    Checking defaults for OML/cmm/m/it on input line 42.
LaTeX Font Info:    ... okay on input line 42.
LaTeX Font Info:    Checking defaults for OMS/cmsy/m/n on input line 42.
LaTeX Font Info:    ... okay on input line 42.
LaTeX Font Info:    Checking defaults for OT1/cmr/m/n on input line 42.
LaTeX Font Info:    ... okay on input line 42.
LaTeX Font Info:    Checking defaults for T1/cmr/m/n on input line 42.
LaTeX Font Info:    ... okay on input line 42.
LaTeX Font Info:    Checking defaults for TS1/cmr/m/n on input line 42.
LaTeX Font Info:    ... okay on input line 42.
LaTeX Font Info:    Checking defaults for TU/lmr/m/n on input line 42.
LaTeX Font Info:    ... okay on input line 42.
LaTeX Font Info:    Checking defaults for OMX/cmex/m/n on input line 42.
LaTeX Font Info:    ... okay on input line 42.
LaTeX Font Info:    Checking defaults for U/cmr/m/n on input line 42.
LaTeX Font Info:    ... okay on input line 42.
LaTeX Font Info:    Checking defaults for PD1/pdf/m/n on input line 42.
LaTeX Font Info:    ... okay on input line 42.
LaTeX Font Info:    Checking defaults for PU/pdf/m/n on input line 42.
LaTeX Font Info:    ... okay on input line 42.

(d:/Programs/LaTeX/TeXLive/2025/texmf-dist/tex/context/base/mkii/supp-pdf.mkii
[Loading MPS to PDF converter (version 2006.09.02).]
\scratchcounter=\count615
\scratchdimen=\dimen433
\scratchbox=\box166
\nofMPsegments=\count616
\nofMParguments=\count617
\everyMPshowfont=\toks75
\MPscratchCnt=\count618
\MPscratchDim=\dimen434
\MPnumerator=\count619
\makeMPintoPDFobject=\count620
\everyMPtoPDFconversion=\toks76
)
(d:/Programs/LaTeX/TeXLive/2025/texmf-dist/tex/latex/epstopdf-pkg/epstopdf-base
.sty
Package: epstopdf-base 2020-01-24 v2.11 Base part for package epstopdf
Package epstopdf-base Info: Redefining graphics rule for `.eps' on input line 4
85.

(d:/Programs/LaTeX/TeXLive/2025/texmf-dist/tex/latex/latexconfig/epstopdf-sys.c
fg
File: epstopdf-sys.cfg 2010/07/13 v1.3 Configuration of (r)epstopdf for TeX Liv
e
))
*geometry* driver: auto-detecting
*geometry* detected driver: luatex
*geometry* verbose mode - [ preamble ] result:
* driver: luatex
* paper: a4paper
* layout: <same size as paper>
* layoutoffset:(h,v)=(0.0pt,0.0pt)
* modes: twoside 
* h-part:(L,W,R)=(56.9055pt, 483.69687pt, 56.9055pt)
* v-part:(T,H,B)=(56.9055pt, 731.23584pt, 56.9055pt)
* \paperwidth=597.50787pt
* \paperheight=845.04684pt
* \textwidth=483.69687pt
* \textheight=731.23584pt
* \oddsidemargin=-15.36449pt
* \evensidemargin=-15.36449pt
* \topmargin=-57.81723pt
* \headheight=14.0pt
* \headsep=28.45274pt
* \topskip=14.0pt
* \footskip=28.45274pt
* \marginparwidth=71.0pt
* \marginparsep=10.0pt
* \columnsep=10.0pt
* \skip\footins=12.0pt plus 4.0pt minus 2.0pt
* \hoffset=0.0pt
* \voffset=0.0pt
* \mag=1000
* \@twocolumnfalse
* \@twosidetrue
* \@mparswitchtrue
* \@reversemarginfalse
* (1in=72.27pt=25.4mm, 1cm=28.453pt)

LaTeX Info: Redefining \th on input line 42.
LaTeX Info: Redefining \microtypecontext on input line 42.
Package microtype Info: Applying patch `item' on input line 42.
Package microtype Info: Applying patch `toc' on input line 42.
Package microtype Info: Applying patch `eqnum' on input line 42.
Package microtype Info: Applying patch `footnote' on input line 42.
Package microtype Info: Applying patch `verbatim' on input line 42.
LaTeX Info: Redefining \microtypesetup on input line 42.
Package microtype Info: Generating PDF output.
Package microtype Info: Character protrusion enabled (level 2).
Package microtype Info: Using default protrusion set `alltext'.
Package microtype Info: Automatic font expansion enabled (level 2),
(microtype)             stretch: 20, shrink: 20, step: 1, non-selected.
Package microtype Info: Using default expansion set `alltext-nott'.
LaTeX Info: Redefining \showhyphens on input line 42.
Package microtype Info: No adjustment of tracking.
Package microtype Info: No adjustment of spacing.
Package microtype Info: No adjustment of kerning.
(d:/Programs/LaTeX/TeXLive/2025/texmf-dist/tex/latex/microtype/mt-ptm.cfg
File: mt-ptm.cfg 2006/04/20 v1.7 microtype config. file: Times (RS)
)
Package microtype Info: Loading generic protrusion settings for font family
(microtype)             `stix' (encoding: TU).
(microtype)             For optimal results, create family-specific settings.
(microtype)             See the microtype manual for details.
Package caption Info: Begin \AtBeginDocument code.
Package caption Info: hyperref package is loaded.
Package caption Info: listings package is loaded.
Package caption Info: wrapfig package is loaded.
Package caption Info: End \AtBeginDocument code.
Package newfloat Info: `wrapfig' package detected.
LaTeX Info: Redefining \celsius on input line 42.
Package gensymb Info: Faking symbols for \degree and \celsius on input line 42.



Package gensymb Warning: Not defining \perthousand.

LaTeX Info: Redefining \ohm on input line 42.
Package gensymb Info: Using \Omega for \ohm on input line 42.

Package gensymb Warning: Not defining \micro.

LaTeX Font Info:    Overwriting math alphabet `\mathrm' in version `normal'
(Font)                  TU/StixTwoMath(1)/m/n --> TU/stix(0)/m/n on input line 
42.
LaTeX Font Info:    Overwriting math alphabet `\mathit' in version `normal'
(Font)                  OT1/cmr/m/it --> TU/stix(0)/m/it on input line 42.
LaTeX Font Info:    Overwriting math alphabet `\mathbf' in version `normal'
(Font)                  OT1/cmr/bx/n --> TU/stix(0)/b/n on input line 42.
LaTeX Font Info:    Overwriting math alphabet `\mathsf' in version `normal'
(Font)                  OT1/cmss/m/n --> TU/CMUSansSerif(0)/m/n on input line 4
2.
LaTeX Font Info:    Overwriting math alphabet `\mathsf' in version `bold'
(Font)                  OT1/cmss/bx/n --> TU/CMUSansSerif(0)/b/n on input line 
42.
LaTeX Font Info:    Overwriting math alphabet `\mathtt' in version `normal'
(Font)                  OT1/cmtt/m/n --> TU/CMUTypewriterText(0)/m/n on input l
ine 42.
LaTeX Font Info:    Overwriting math alphabet `\mathtt' in version `bold'
(Font)                  OT1/cmtt/m/n --> TU/CMUTypewriterText(0)/b/n on input l
ine 42.

Package chemgreek Info: Activating mapping `fontspec' on line 42.

\c@lstlisting=\count621
Package pgfplots notification 'compat/show suggested version=true': document ha
s been generated with the most recent feature set (\pgfplotsset{compat=1.18}).

Package hyperref Info: Link coloring ON on input line 42.
Package biblatex Info: Trying to load language 'ukrainian'...
Package biblatex Info: ... file 'ukrainian.lbx' found.

(d:/Programs/LaTeX/TeXLive/2025/texmf-dist/tex/latex/biblatex/lbx/ukrainian.lbx
File: ukrainian.lbx 2024/03/21 v3.20 biblatex localization (PK/MW)
)
Package biblatex Info: Trying to load language 'russian' -> 'russian-gost'...
Package biblatex Info: ... file 'russian-gost.lbx' found.

(d:/Programs/LaTeX/TeXLive/2025/texmf-dist/tex/latex/biblatex-gost/russian-gost
.lbx
File: russian-gost.lbx 2023/04/25 v1.24 biblatex-gost styles
Package biblatex Info: Trying to load language 'russian'...
Package biblatex Info: ... file 'russian.lbx' found.

(d:/Programs/LaTeX/TeXLive/2025/texmf-dist/tex/latex/biblatex/lbx/russian.lbx
File: russian.lbx 2024/03/21 v3.20 biblatex localization (PK/MW)
)
Package biblatex Info: Trying to load language 'russian'...
Package biblatex Info: ... file 'russian.lbx' found.

(d:/Programs/LaTeX/TeXLive/2025/texmf-dist/tex/latex/biblatex/lbx/russian.lbx
File: russian.lbx 2024/03/21 v3.20 biblatex localization (PK/MW)
))
Package biblatex Info: Trying to load language 'english' -> 'english-gost'...
Package biblatex Info: ... file 'english-gost.lbx' found.

(d:/Programs/LaTeX/TeXLive/2025/texmf-dist/tex/latex/biblatex-gost/english-gost
.lbx
File: english-gost.lbx 2023/04/25 v1.24 biblatex-gost styles
Package biblatex Info: Trying to load language 'english'...
Package biblatex Info: ... file 'english.lbx' found.

(d:/Programs/LaTeX/TeXLive/2025/texmf-dist/tex/latex/biblatex/lbx/english.lbx
File: english.lbx 2024/03/21 v3.20 biblatex localization (PK/MW)
)
Package biblatex Info: Trying to load language 'english'...
Package biblatex Info: ... file 'english.lbx' found.

(d:/Programs/LaTeX/TeXLive/2025/texmf-dist/tex/latex/biblatex/lbx/english.lbx
File: english.lbx 2024/03/21 v3.20 biblatex localization (PK/MW)
))
Package biblatex Info: LuaTeX detected.
(biblatex)             Assuming input encoding 'utf8'.
Package biblatex Info: Automatic encoding selection.
(biblatex)             Assuming data encoding 'utf8'.

\openout4 = Thermod.bcf
Package biblatex Info: Trying to load bibliographic data...
Package biblatex Info: ... file 'Thermod.bbl' found.
(./Thermod.bbl)
Package biblatex Info: Reference section=0 on input line 42.
Package biblatex Info: Reference segment=0 on input line 42.
Package microtype Info: Loading generic protrusion settings for font family
(microtype)             `CMUSansSerif' (encoding: TU).
(microtype)             For optimal results, create family-specific settings.
(microtype)             See the microtype manual for details.


[1


{d:/Programs/LaTeX/TeXLive/2025/texmf-var/fonts/map/pdftex/updmap/pdftex.map}] 
(./Thermod.toc
Package microtype Info: Loading generic protrusion settings for font family
(microtype)             `StixTwoMath' (encoding: TU).
(microtype)             For optimal results, create family-specific settings.
(microtype)             See the microtype manual for details.

(d:/Programs/LaTeX/TeXLive/2025/texmf-dist/tex/latex/microtype/mt-msa.cfg
File: mt-msa.cfg 2006/02/04 v1.1 microtype config. file: AMS symbols (a) (RS)
)
(d:/Programs/LaTeX/TeXLive/2025/texmf-dist/tex/latex/microtype/mt-msb.cfg
File: mt-msb.cfg 2005/06/01 v1.0 microtype config. file: AMS symbols (b) (RS)
)
LaTeX Font Info:    Trying to load font information for U+esint on input line 3
.

(d:/Programs/LaTeX/TeXLive/2025/texmf-dist/tex/latex/esint/uesint.fd
File: uesint.fd 
))
\tf@toc=\write5

\openout5 = Thermod.toc


Package babel Info: 'ukrainian' activates 'ukrainian' shorthands.
(babel)             Reported  on input line 59.
[2


]
\openout2 = intro.aux

No file intro.tex.
(./Lec1/Lec1.tex
Output from handle answer going to Lec1/Lec1-Answers.tex
\answer@file=\write6

\openout6 = Lec1/Lec1-Answers.tex
Розділ 1.

Overfull \hbox (7.5687pt too wide) in paragraph at lines 8--8
 []
 []

<Lec1/pictures/Gas.png, id=81, 604.2575pt x 877.2775pt>
File: Lec1/pictures/Gas.png Graphic file (type png)
<use Lec1/pictures/Gas.png>
Package luatex.def Info: Lec1/pictures/Gas.png  used on input line 58.
(luatex.def)             Requested size: 72.55527pt x 105.33568pt.
<Lec1/pictures/ThermodynOrNotB.png, id=82, 115.3911pt x 90.5784pt>
File: Lec1/pictures/ThermodynOrNotB.png Graphic file (type png)
<use Lec1/pictures/ThermodynOrNotB.png>
Package luatex.def Info: Lec1/pictures/ThermodynOrNotB.png  used on input line 
64.
(luatex.def)             Requested size: 145.11053pt x 113.90685pt.
<Lec1/pictures/DNA.png, id=83, 144.54pt x 251.0178pt>
File: Lec1/pictures/DNA.png Graphic file (type png)
<use Lec1/pictures/DNA.png>
Package luatex.def Info: Lec1/pictures/DNA.png  used on input line 70.
(luatex.def)             Requested size: 72.55527pt x 126.00269pt.

LaTeX Warning: `!h' float specifier changed to `!ht'.

<Lec1/pictures/Landau.jpg, id=90, 144.54pt x 192.2382pt>
File: Lec1/pictures/Landau.jpg Graphic file (type jpg)
<use Lec1/pictures/Landau.jpg>
Package luatex.def Info: Lec1/pictures/Landau.jpg  used on input line 87.
(luatex.def)             Requested size: 96.73788pt x 128.66104pt.


[3




]

[4<./Lec1/pictures/Gas.png><./Lec1/pictures/ThermodynOrNotB.png><./Lec1/pictures
/DNA.png><./Lec1/pictures/Landau.jpg>]
<Lec1/pictures/Pic2.png, id=115, 297.9933pt x 125.7498pt>
File: Lec1/pictures/Pic2.png Graphic file (type png)
<use Lec1/pictures/Pic2.png>
Package luatex.def Info: Lec1/pictures/Pic2.png  used on input line 148.
(luatex.def)             Requested size: 411.14528pt x 173.51187pt.
<Lec1/pictures/Pic1.3InternalExternalParameters.png, id=117, 168.3891pt x 103.3
461pt>
File: Lec1/pictures/Pic1.3InternalExternalParameters.png Graphic file (type png
)
<use Lec1/pictures/Pic1.3InternalExternalParameters.png>
Package luatex.def Info: Lec1/pictures/Pic1.3InternalExternalParameters.png  us
ed on input line 163.
(luatex.def)             Requested size: 241.84843pt x 148.44136pt.


LaTeX Warning: `!h' float specifier changed to `!ht'.



[5<./Lec1/pictures/Pic2.png>]
<Lec1/pictures/Pic4a.png, id=128, 248.93pt x 300.12125pt>
File: Lec1/pictures/Pic4a.png Graphic file (type png)
<use Lec1/pictures/Pic4a.png>
Package luatex.def Info: Lec1/pictures/Pic4a.png  used on input line 212.
(luatex.def)             Requested size: 108.83105pt x 131.21112pt.
<Lec1/pictures/Pic4b.png, id=129, 225.84375pt x 279.0425pt>
File: Lec1/pictures/Pic4b.png Graphic file (type png)
<use Lec1/pictures/Pic4b.png>
Package luatex.def Info: Lec1/pictures/Pic4b.png  used on input line 218.
(luatex.def)             Requested size: 108.83105pt x 134.4711pt.
<Lec1/pictures/Fowler.jpg, id=130, 36.135pt x 47.09595pt>
File: Lec1/pictures/Fowler.jpg Graphic file (type jpg)
<use Lec1/pictures/Fowler.jpg>
Package luatex.def Info: Lec1/pictures/Fowler.jpg  used on input line 235.
(luatex.def)             Requested size: 96.73788pt x 126.08855pt.
<Lec1/pictures/Maxwell.jpg, id=133, 144.54pt x 192.2382pt>
File: Lec1/pictures/Maxwell.jpg Graphic file (type jpg)
<use Lec1/pictures/Maxwell.jpg>
Package luatex.def Info: Lec1/pictures/Maxwell.jpg  used on input line 250.
(luatex.def)             Requested size: 96.73788pt x 128.66104pt.


[6<./Lec1/pictures/Pic1.3InternalExternalParameters.png><./Lec1/pictures/Pic4a.p
ng><./Lec1/pictures/Pic4b.png>]
<Lec1/pictures/Galileo.jpg, id=146, 144.54pt x 192.2382pt>
File: Lec1/pictures/Galileo.jpg Graphic file (type jpg)
<use Lec1/pictures/Galileo.jpg>
Package luatex.def Info: Lec1/pictures/Galileo.jpg  used on input line 291.
(luatex.def)             Requested size: 96.73788pt x 128.66104pt.

Underfull \vbox (badness 3514) has occurred while \output is active []



[7<./Lec1/pictures/Fowler.jpg><./Lec1/pictures/Maxwell.jpg>]

[8<./Lec1/pictures/Galileo.jpg>]
<Lec1/pictures/Celsius.jpg, id=172, 602.25pt x 800.9925pt>
File: Lec1/pictures/Celsius.jpg Graphic file (type jpg)
<use Lec1/pictures/Celsius.jpg>
Package luatex.def Info: Lec1/pictures/Celsius.jpg  used on input line 398.
(luatex.def)             Requested size: 96.73788pt x 128.66252pt.
<Lec1/pictures/Farenheit.jpg, id=175, 144.54pt x 192.2382pt>
File: Lec1/pictures/Farenheit.jpg Graphic file (type jpg)
<use Lec1/pictures/Farenheit.jpg>
Package luatex.def Info: Lec1/pictures/Farenheit.jpg  used on input line 404.
(luatex.def)             Requested size: 96.73788pt x 128.66104pt.
<Lec1/pictures/Reaumur_1683-1757.jpg, id=178, 144.54pt x 192.2382pt>
File: Lec1/pictures/Reaumur_1683-1757.jpg Graphic file (type jpg)
<use Lec1/pictures/Reaumur_1683-1757.jpg>
Package luatex.def Info: Lec1/pictures/Reaumur_1683-1757.jpg  used on input lin
e 410.
(luatex.def)             Requested size: 96.73788pt x 128.66104pt.
<Lec1/pictures/Newton.jpg, id=181, 144.54pt x 192.2382pt>
File: Lec1/pictures/Newton.jpg Graphic file (type jpg)
<use Lec1/pictures/Newton.jpg>
Package luatex.def Info: Lec1/pictures/Newton.jpg  used on input line 418.
(luatex.def)             Requested size: 96.73788pt x 128.66104pt.
<Lec1/pictures/Pic1.6EmpiricalTermometers.png, id=184, 1256.5344pt x 832.0686pt
>
File: Lec1/pictures/Pic1.6EmpiricalTermometers.png Graphic file (type png)
<use Lec1/pictures/Pic1.6EmpiricalTermometers.png>
Package luatex.def Info: Lec1/pictures/Pic1.6EmpiricalTermometers.png  used on 
input line 429.
(luatex.def)             Requested size: 483.69687pt x 320.29027pt.


LaTeX Warning: `!h' float specifier changed to `!ht'.



[9<./Lec1/pictures/Celsius.jpg><./Lec1/pictures/Farenheit.jpg><./Lec1/pictures/R
eaumur_1683-1757.jpg><./Lec1/pictures/Newton.jpg>]

[10<./Lec1/pictures/Pic1.6EmpiricalTermometers.png>]
<Lec1/pictures/Boyl.jpg, id=202, 144.54pt x 192.2382pt>
File: Lec1/pictures/Boyl.jpg Graphic file (type jpg)
<use Lec1/pictures/Boyl.jpg>
Package luatex.def Info: Lec1/pictures/Boyl.jpg  used on input line 488.
(luatex.def)             Requested size: 96.73788pt x 128.66104pt.
<Lec1/pictures/Mariott.jpg, id=205, 144.54pt x 192.2382pt>
File: Lec1/pictures/Mariott.jpg Graphic file (type jpg)
<use Lec1/pictures/Mariott.jpg>
Package luatex.def Info: Lec1/pictures/Mariott.jpg  used on input line 494.
(luatex.def)             Requested size: 96.73788pt x 128.66104pt.
<Lec1/pictures/Sharl.jpg, id=208, 144.54pt x 192.2382pt>
File: Lec1/pictures/Sharl.jpg Graphic file (type jpg)
<use Lec1/pictures/Sharl.jpg>
Package luatex.def Info: Lec1/pictures/Sharl.jpg  used on input line 500.
(luatex.def)             Requested size: 96.73788pt x 128.66104pt.
<Lec1/pictures/GeyLusak.jpg, id=211, 144.54pt x 192.2382pt>
File: Lec1/pictures/GeyLusak.jpg Graphic file (type jpg)
<use Lec1/pictures/GeyLusak.jpg>
Package luatex.def Info: Lec1/pictures/GeyLusak.jpg  used on input line 506.
(luatex.def)             Requested size: 96.73788pt x 128.66104pt.
<Lec1/pictures/Pic7a.png, id=217, 182.3175pt x 213.525pt>
File: Lec1/pictures/Pic7a.png Graphic file (type png)
<use Lec1/pictures/Pic7a.png>
Package luatex.def Info: Lec1/pictures/Pic7a.png  used on input line 536.
(luatex.def)             Requested size: 217.66211pt x 254.92545pt.
<Lec1/pictures/Pic7b.png, id=218, 188.8875pt x 212.868pt>
File: Lec1/pictures/Pic7b.png Graphic file (type png)
<use Lec1/pictures/Pic7b.png>
Package luatex.def Info: Lec1/pictures/Pic7b.png  used on input line 542.
(luatex.def)             Requested size: 217.66211pt x 245.30948pt.


LaTeX Warning: `!h' float specifier changed to `!ht'.

<Lec1/pictures/Avogadro.jpg, id=222, 144.54pt x 192.2382pt>
File: Lec1/pictures/Avogadro.jpg Graphic file (type jpg)
<use Lec1/pictures/Avogadro.jpg>
Package luatex.def Info: Lec1/pictures/Avogadro.jpg  used on input line 611.
(luatex.def)             Requested size: 96.73788pt x 128.66104pt.


[11<./Lec1/pictures/Boyl.jpg><./Lec1/pictures/Mariott.jpg><./Lec1/pictures/Sharl
.jpg><./Lec1/pictures/GeyLusak.jpg>]
<Lec1/pictures/Debye.jpg, id=238, 144.54pt x 192.2382pt>
File: Lec1/pictures/Debye.jpg Graphic file (type jpg)
<use Lec1/pictures/Debye.jpg>
Package luatex.def Info: Lec1/pictures/Debye.jpg  used on input line 641.
(luatex.def)             Requested size: 96.73788pt x 128.66104pt.


[12<./Lec1/pictures/Pic7a.png><./Lec1/pictures/Pic7b.png><./Lec1/pictures/Avogad
ro.jpg>]

[13<./Lec1/pictures/Debye.jpg>] (./Lec1/tikz/Piston.tikz)

LaTeX Warning: `!h' float specifier changed to `!ht'.



[14]
Underfull \vbox (badness 10000) has occurred while \output is active []



[15] (./Lec1/isothermic.tikz) (./Lec1/isobaric.tikz)

LaTeX Warning: `!h' float specifier changed to `!ht'.



[16] (./Lec1/tikz/Rod.tikz) (./Lec1/tikz/TensionCube.tikz)
Overfull \hbox (24.55077pt too wide) in paragraph at lines 36--914
 [][] 
 []

<Lec1/pictures/pull_in_solenoid.png, id=296, 1089.31969pt x 409.53pt>
File: Lec1/pictures/pull_in_solenoid.png Graphic file (type png)
<use Lec1/pictures/pull_in_solenoid.png>
Package luatex.def Info: Lec1/pictures/pull_in_solenoid.png  used on input line
 930.
(luatex.def)             Requested size: 241.84843pt x 90.92172pt.

LaTeX Warning: `!h' float specifier changed to `!ht'.



[17
Missing character: There is no ; (U+003B) in font nullfont!
]

[18<./Lec1/pictures/pull_in_solenoid.png>]

[19])

LaTeX Warning: Empty bibliography on input line 122.



[20]
\tf@thm=\write7

\openout7 = Thermod.thm


[21

] 
enddocument/afterlastpage (AED): lastpage setting LastPage.
(./Thermod.aux (./intro.aux))
 ***********
LaTeX2e <2024-11-01> patch level 2
L3 programming layer <2022/08/05>
 ***********


LaTeX Warning: There were undefined references.


Package biblatex Warning: Please (re)run Biber on the file:
(biblatex)                Thermod
(biblatex)                and rerun LaTeX afterwards.

Package logreq Info: Writing requests to 'Thermod.run.xml'.

\openout1 = Thermod.run.xml
)

Here is how much of LuaTeX's memory you used:
 73195 strings out of 475506
 125165,3417909 words of node,token memory allocated
 2722 words of node memory still in use:
   49 hlist, 3 vlist, 15 rule, 1 local_par, 2 math, 14 glue, 14 kern, 3 penalty,
 25 glyph, 371 attribute, 95 glue_spec, 145 attribute_list, 3 write, 48 pdf_lite
ral, 1 pdf_dest, 2 pdf_action nodes
   avail lists: 1:3,2:5975,3:1793,4:49,5:262,6:103,7:7375,8:59,9:1097,10:28,11:1
075
 94201 multiletter control sequences out of 65536+600000
 151 fonts using 61217831 bytes
 114i,17n,357p,1251b,3209s stack positions out of 10000i,1000n,20000p,200000b,200000s
<d:/Programs/LaTeX/TeXLive/2025/texmf-dist/fonts/opentype/public/stix2-otf/STIXT
woMath-Regular.otf><d:/Programs/LaTeX/TeXLive/2025/texmf-dist/fonts/opentype/pub
lic/stix2-otf/STIXTwoMath-Regular.otf><d:/Programs/LaTeX/TeXLive/2025/texmf-dist
/fonts/opentype/public/stix2-otf/STIXTwoMath-Regular.otf><d:/Programs/LaTeX/TeXL
ive/2025/texmf-dist/fonts/opentype/public/cm-unicode/cmunss.otf><d:/Programs/LaT
eX/TeXLive/2025/texmf-dist/fonts/opentype/public/stix/STIX-Bold.otf><d:/Programs
/LaTeX/TeXLive/2025/texmf-dist/fonts/opentype/public/cm-unicode/cmunsx.otf><d:/P
rograms/LaTeX/TeXLive/2025/texmf-dist/fonts/opentype/public/stix/STIX-Italic.otf
><d:/Programs/LaTeX/TeXLive/2025/texmf-dist/fonts/opentype/public/stix/STIX-Regu
lar.otf><d:/Programs/LaTeX/TeXLive/2025/texmf-dist/fonts/type1/public/esint-type
1/esint10.pfb>
Output written on Thermod.pdf (21 pages, 3357675 bytes).

PDF statistics: 425 PDF objects out of 1000 (max. 8388607)
 292 compressed objects within 3 object streams
 73 named destinations out of 1000 (max. 131072)
 388 words of extra memory for PDF output out of 10000 (max. 100000000)

